{"initial_reset_timestamp": 25255.554330435, "timestamps": [25255.661928238, 25255.766699421, 25255.883979888, 25255.997952696, 25256.107662773, 25256.222388921, 25256.339975602, 25258.770128819, 25258.890068955, 25259.010022277, 25259.128267446, 25259.232819731, 25259.351904293, 25259.47420629, 25262.216186368, 25262.317356318, 25262.418927595, 25262.518140091, 25262.689486775, 25262.791319766, 25262.892650088, 25279.784235722, 25279.887200295, 25279.987230323, 25280.089710541, 25280.191311869, 25280.290558842, 25280.393334734, 25297.927061872, 25298.02680383, 25298.129439104, 25298.232900847, 25298.334699874, 25298.439354224, 25298.545407737, 25316.510027352, 25316.617250829, 25316.744265217, 25316.877728413, 25316.999771917, 25317.113456886, 25317.223623975, 25334.907045561, 25335.019420067, 25335.129844598, 25335.274161004, 25335.452245987, 25335.586621405, 25335.782346541, 25353.885604055, 25353.988545334, 25354.088482905, 25354.294912126, 25354.40631165, 25354.507140513, 25354.617606754, 25371.945454291, 25372.058361234, 25372.165778993, 25372.267246607, 25372.366208644, 25372.473686388, 25372.573559286, 25390.166264071, 25390.268174381, 25390.370857055, 25390.469285734, 25390.569134646, 25390.669299722, 25390.772534231, 25408.219529951, 25408.320441452, 25408.423828192, 25408.530056268, 25408.633881766, 25408.735675522, 25408.838317729, 25427.066563061, 25427.170954359, 25427.269772091, 25427.369981822, 25427.547112684, 25427.646600085, 25427.746733831], "episode_lengths": [150, 150, 150, 150, 150, 150, 150, 150, 150, 150, 150, 150, 150, 150, 150, 150, 150, 150, 150, 150, 150, 150, 150, 150, 150, 150, 150, 150, 150, 150, 150, 150, 150, 150, 150, 150, 150, 150, 150, 150, 150, 150, 150, 150, 150, 150, 150, 150, 150, 150, 150, 150, 150, 150, 150, 150, 150, 150, 150, 150, 150, 150, 150, 150, 150, 150, 150, 150, 150, 150, 150, 150, 150, 150, 150, 150, 150, 150, 150, 150, 150, 150, 150, 150], "episode_rewards": [-150.0, -150.0, -150.0, -150.0, -150.0, -150.0, -150.0, -150.0, -150.0, -150.0, -150.0, -150.0, -150.0, -150.0, -150.0, -150.0, -150.0, -150.0, -150.0, -150.0, -150.0, -150.0, -150.0, -150.0, -150.0, -150.0, -150.0, -150.0, -150.0, -150.0, -150.0, -150.0, -150.0, -150.0, -150.0, -150.0, -150.0, -150.0, -150.0, -150.0, -150.0, -150.0, -150.0, -150.0, -150.0, -150.0, -150.0, -150.0, -150.0, -150.0, -150.0, -150.0, -150.0, -150.0, -150.0, -150.0, -150.0, -150.0, -150.0, -150.0, -150.0, -150.0, -150.0, -150.0, -150.0, -150.0, -150.0, -150.0, -150.0, -150.0, -150.0, -150.0, -150.0, -150.0, -150.0, -150.0, -150.0, -150.0, -150.0, -150.0, -150.0, -150.0, -150.0, -150.0], "episode_types": ["t", "t", "t", "t", "t", "t", "t", "t", "t", "t", "t", "t", "t", "t", "t", "t", "t", "t", "t", "t", "t", "t", "t", "t", "t", "t", "t", "t", "t", "t", "t", "t", "t", "t", "t", "t", "t", "t", "t", "t", "t", "t", "t", "t", "t", "t", "t", "t", "t", "t", "t", "t", "t", "t", "t", "t", "t", "t", "t", "t", "t", "t", "t", "t", "t", "t", "t", "t", "t", "t", "t", "t", "t", "t", "t", "t", "t", "t", "t", "t", "t", "t", "t", "t"]}