{"initial_reset_timestamp": 25255.456715451, "timestamps": [25256.367517327, 25256.553618341, 25256.855639794, 25257.13757939, 25257.391821103, 25257.699732986, 25259.545068709, 25259.836883306, 25260.211529292, 25260.497049547, 25260.773297692, 25261.042142057, 25261.290816988, 25264.445380962, 25266.871395043, 25269.248359268, 25271.654460075, 25274.016904777, 25276.451221286, 25278.876145395, 25282.76393816, 25285.166842201, 25287.60905424, 25290.037378944, 25292.473926934, 25294.918742265, 25299.298217818, 25302.016015717, 25304.551539202, 25307.083547812, 25309.636101374, 25312.288543133, 25314.817166869, 25318.72452242, 25321.189181463, 25323.61434017, 25326.037310527, 25328.554164182, 25331.22330723, 25333.970236209, 25338.153612612, 25340.704299619, 25343.47164244, 25345.985357123, 25348.587371471, 25351.162134022, 25355.420131752, 25357.865242347, 25360.32765017, 25362.80598323, 25365.243534837, 25367.72464948, 25370.202801655, 25374.260510862, 25376.770502351, 25379.197664784, 25381.624132682, 25384.166137866, 25386.630820484, 25389.274373385, 25393.21529637, 25395.58655636, 25398.119015301, 25400.604312252, 25403.04935602, 25405.583272945, 25409.653807339, 25412.675620229, 25415.311376218, 25417.834872189, 25420.480049142, 25423.004579129, 25425.437782231, 25429.299613961, 25431.801321757], "episode_lengths": [150, 150, 150, 150, 150, 150, 150, 150, 150, 150, 150, 150, 150, 150, 150, 150, 150, 150, 150, 150, 150, 150, 150, 150, 150, 150, 150, 150, 150, 150, 150, 150, 150, 150, 150, 150, 150, 150, 150, 150, 150, 150, 150, 150, 150, 150, 150, 150, 150, 150, 150, 150, 150, 150, 150, 150, 150, 150, 150, 150, 150, 150, 150, 150, 150, 150, 150, 150, 150, 150, 150, 150, 150, 150, 150], "episode_rewards": [-150.0, -150.0, -150.0, -150.0, -150.0, -150.0, -150.0, -150.0, -150.0, -150.0, -150.0, -150.0, -150.0, -150.0, -150.0, -150.0, -150.0, -150.0, -150.0, -150.0, -150.0, -150.0, -150.0, -150.0, -150.0, -150.0, -150.0, -150.0, -150.0, -150.0, -150.0, -150.0, -150.0, -150.0, -150.0, -150.0, -150.0, -150.0, -150.0, -150.0, -150.0, -150.0, -150.0, -150.0, -150.0, -150.0, -150.0, -150.0, -150.0, -150.0, -150.0, -150.0, -150.0, -150.0, -150.0, -150.0, -150.0, -150.0, -150.0, -150.0, -150.0, -150.0, -150.0, -150.0, -150.0, -150.0, -150.0, -150.0, -150.0, -150.0, -150.0, -150.0, -150.0, -150.0, -150.0], "episode_types": ["t", "t", "t", "t", "t", "t", "t", "t", "t", "t", "t", "t", "t", "t", "t", "t", "t", "t", "t", "t", "t", "t", "t", "t", "t", "t", "t", "t", "t", "t", "t", "t", "t", "t", "t", "t", "t", "t", "t", "t", "t", "t", "t", "t", "t", "t", "t", "t", "t", "t", "t", "t", "t", "t", "t", "t", "t", "t", "t", "t", "t", "t", "t", "t", "t", "t", "t", "t", "t", "t", "t", "t", "t", "t", "t", "t"]}