{"initial_reset_timestamp": 24666.041385333, "timestamps": [24666.213658426, 24666.371573955, 24666.521956266, 24666.747826049, 24666.909034788, 24667.175370591, 24667.356749787, 24667.537024342, 24667.708592177, 24667.880293067, 24668.024892092, 24668.179423117, 24668.35032429, 24668.510726303, 24668.76322674, 24668.928143437, 24669.105650848, 24669.293292855, 24669.480784104, 24669.635717758, 24674.243228149, 24674.375645567, 24674.510137668, 24674.644079627, 24674.775936014, 24674.908708871, 24675.129133212, 24675.264174402, 24675.398406406, 24675.534636937, 24675.668308872, 24675.803345051, 24675.937696082, 24676.069540075, 24676.201695613, 24676.431271524, 24676.564621604, 24676.697796479, 24676.830932619, 24676.966578654, 24681.357698718, 24681.496996938, 24681.631163231, 24681.765425313, 24681.900465596, 24682.035837407, 24682.257499202, 24682.39086404, 24682.526432366, 24682.66030829, 24682.795243276, 24682.929089874, 24683.061302661, 24683.194574741, 24683.327754105, 24683.557559976, 24683.692065141, 24683.826454596, 24683.960049913, 24684.094392158, 24703.925439591, 24704.059938795, 24704.193784381, 24704.328952893, 24704.465184166, 24704.600032597, 24704.738423084, 24704.969050143, 24705.105104047, 24705.239778817, 24705.37299473, 24705.508089932, 24705.642383333, 24705.774586772, 24705.907488014, 24706.040363367, 24706.271431428, 24706.405990257, 24706.542712778, 24706.677367429, 24726.376492288, 24726.527542265, 24726.671704736, 24726.811536034, 24726.946244829, 24727.078308882, 24727.209779582, 24727.432496973, 24727.56719082, 24727.700901298, 24727.836142499, 24727.971407837, 24728.103696669, 24728.235217475, 24728.367997485, 24728.501975063, 24728.732770995, 24728.86702995, 24729.000902768, 24729.13726482, 24749.430357707, 24749.582385095, 24749.729247243, 24749.872613163, 24750.012134759, 24750.163939437, 24750.335223821, 24750.483695062, 24750.737805294, 24750.880652003, 24751.031973277, 24751.173574857, 24751.335280676, 24751.477040277, 24751.611065376, 24751.748193151, 24751.884903789, 24752.122632502, 24752.255988714, 24752.400206641, 24772.617265828, 24772.754955065, 24772.889053574, 24773.027497233, 24773.16205597, 24773.29996408, 24773.435137963, 24773.577452931, 24773.714760409, 24773.953942478, 24774.089942439, 24774.227490987, 24774.363951708, 24774.501471361, 24774.639945407, 24774.775556646, 24774.908174106, 24775.133774554, 24775.268077984, 24775.403209226, 24795.718804087, 24795.858479738, 24795.998043085, 24796.141703928, 24796.283733996, 24796.425817486, 24796.570609851, 24796.709039412, 24796.849789385, 24797.09451394, 24797.237505014, 24797.383918375, 24797.524766355, 24797.665900772, 24797.805467636, 24797.944833726, 24798.086873483, 24798.230537011, 24798.478528416, 24798.630035174, 24818.763468266, 24819.001100104, 24819.142100185, 24819.301338862, 24819.448194687, 24819.58503315, 24819.722808371, 24819.862445468, 24819.99934129, 24820.135432435, 24820.367296858, 24820.503296919, 24820.639857209, 24820.779176309, 24820.921068364, 24821.069599289, 24821.213940251, 24821.349617485, 24821.485300471, 24821.720271026, 24841.764541656, 24841.922238979, 24842.162130503, 24842.298011627, 24842.432623306, 24842.572515271, 24842.732335217, 24842.88078136, 24843.026910418, 24843.159550451, 24843.391782376, 24843.53771118, 24843.677886706, 24843.814127948, 24843.951561998, 24844.085324084, 24844.219204547, 24844.361118052, 24844.498371948, 24844.730316052, 24865.061206422, 24865.197271954, 24865.432652743, 24865.573177095, 24865.713966533, 24865.854144454, 24865.996227904, 24866.136479756, 24866.284538339, 24866.423271791, 24866.56427623, 24866.808886887, 24866.948189837, 24867.090741351, 24867.230634177, 24867.370410331, 24867.50812166, 24867.648204199, 24867.787033163, 24867.924175696, 24888.278058547, 24888.419657321, 24888.561838368, 24888.803333054, 24888.945698548, 24889.084007078, 24889.22494753, 24889.36703623, 24889.50708824, 24889.650796905, 24889.793475873, 24889.935564943, 24890.182394359, 24890.320214586, 24890.45995388, 24890.599136509, 24890.750718101, 24890.902226432, 24891.044023496, 24891.185158585, 24911.80363437, 24911.946400624, 24912.089623481, 24912.326594446, 24912.477017355, 24912.622672517, 24912.763603947, 24912.907040021, 24913.054303184, 24913.192354293, 24913.335381065, 24913.47486501, 24913.728582562, 24913.871360138, 24914.015154566, 24914.161455943, 24914.305818586, 24914.446032259, 24914.588546478, 24914.728799131, 24935.081464908, 24935.221208529, 24935.362424513, 24935.502145099, 24935.73810793, 24935.881565605, 24936.026891849, 24936.174259261, 24936.314256497, 24936.452338494, 24936.590652625, 24936.733076756, 24936.866931339, 24937.117782626, 24937.264898388, 24937.412335564, 24937.560160972, 24937.69963586, 24937.843992892, 24937.992567971, 24958.488602864, 24958.625053536, 24958.771527381, 24958.910073305, 24959.041712026, 24959.273633497, 24959.411415672, 24959.548619421, 24959.68436668, 24959.819292609, 24959.953562225, 24960.084588506, 24960.216400568, 24960.440084285, 24960.575330485, 24960.712763343, 24960.846884866, 24960.985509911, 24961.116620763, 24961.247425271, 24980.811986463, 24980.949474336, 24981.091237659, 24981.224231518, 24981.359018682, 24981.580987744, 24981.714799405, 24981.849479651, 24981.981690575, 24982.11214326, 24982.243803963, 24982.375233965, 24982.505916139, 24982.634462112, 24982.863021302, 24982.996529383, 24983.129017616, 24983.258566414, 24983.389361844], "episode_lengths": [50, 50, 50, 50, 50, 50, 50, 50, 50, 50, 50, 50, 50, 50, 50, 50, 50, 50, 50, 50, 50, 50, 50, 50, 50, 50, 50, 50, 50, 50, 50, 50, 50, 50, 50, 50, 50, 50, 50, 50, 50, 50, 50, 50, 50, 50, 50, 50, 50, 50, 50, 50, 50, 50, 50, 50, 50, 50, 50, 50, 50, 50, 50, 50, 50, 50, 50, 50, 50, 50, 50, 50, 50, 50, 50, 50, 50, 50, 50, 50, 50, 50, 50, 50, 50, 50, 50, 50, 50, 50, 50, 50, 50, 50, 50, 50, 50, 50, 50, 50, 50, 50, 50, 50, 50, 50, 50, 50, 50, 50, 50, 50, 50, 50, 50, 50, 50, 50, 50, 50, 50, 50, 50, 50, 50, 50, 50, 50, 50, 50, 50, 50, 50, 50, 50, 50, 50, 50, 50, 50, 50, 50, 50, 50, 50, 50, 50, 50, 50, 50, 50, 50, 50, 50, 50, 50, 50, 50, 50, 50, 50, 50, 50, 50, 50, 50, 50, 50, 50, 50, 50, 50, 50, 50, 50, 50, 50, 50, 50, 50, 50, 50, 50, 50, 50, 50, 50, 50, 50, 50, 50, 50, 50, 50, 50, 50, 50, 50, 50, 50, 50, 50, 50, 50, 50, 50, 50, 50, 50, 50, 50, 50, 50, 50, 50, 50, 50, 50, 50, 50, 50, 50, 50, 50, 50, 50, 50, 50, 50, 50, 50, 50, 50, 50, 50, 50, 50, 50, 50, 50, 50, 50, 50, 50, 50, 50, 50, 50, 50, 50, 50, 50, 50, 50, 50, 50, 50, 50, 50, 50, 50, 50, 50, 50, 50, 50, 50, 50, 50, 50, 50, 50, 50, 50, 50, 50, 50, 50, 50, 50, 50, 50, 50, 50, 50, 50, 50, 50, 50, 50, 50, 50, 50, 50, 50, 50, 50, 50, 50, 50, 50, 50, 50, 50, 50, 50, 50, 50, 50, 50, 50, 50, 50, 50, 50, 50, 50, 50, 50],