{"initial_reset_timestamp": 24665.837819271, "timestamps": [24669.646944, 24669.826087375, 24669.992822561, 24670.14071714, 24670.395238918, 24670.636075437, 24670.867033408, 24671.091954459, 24671.281220147, 24671.466262048, 24671.636977335, 24671.807596388, 24671.977840856, 24672.242113478, 24672.414828496, 24672.584903049, 24672.75338522, 24672.924483649, 24673.091941946, 24673.259262199, 24677.028063641, 24677.19706782, 24677.365886184, 24677.536076628, 24677.791844667, 24677.961937044, 24678.129173927, 24678.29672457, 24678.464826596, 24678.630991733, 24678.796221222, 24678.96300014, 24679.129178522, 24679.392607293, 24679.559574811, 24679.726220806, 24679.894509789, 24680.061152989, 24680.226444847, 24680.39486472, 24684.890057243, 24685.815788204, 24686.772876308, 24687.721401206, 24688.681214796, 24689.733693506, 24690.708174099, 24691.655739084, 24692.606274552, 24693.526647099, 24694.45599058, 24695.381584359, 24696.309076665, 24697.224670164, 24698.266221883, 24699.182717805, 24700.109621387, 24701.042637413, 24701.967083199, 24702.913045423, 24707.490251021, 24708.432944842, 24709.394308602, 24710.317557121, 24711.236602243, 24712.254278711, 24713.200658401, 24714.09408932, 24714.993964276, 24715.923598012, 24716.83027029, 24717.719491803, 24718.667293005, 24719.581935507, 24720.594242619, 24721.531035689, 24722.461882842, 24723.414084232, 24724.385403568, 24725.337967465, 24729.913275429, 24730.859895464, 24731.848058862, 24732.777592226, 24733.760567314, 24734.742074348, 24735.785821361, 24736.745013843, 24737.683955006, 24738.634252034, 24739.578159147, 24740.511129626, 24741.446616431, 24742.373502689, 24743.358588148, 24744.448148364, 24745.439335331, 24746.407177972, 24747.402064751, 24748.37262171, 24753.17303156, 24754.115780185, 24755.039712762, 24755.979262868, 24756.897471051, 24757.948845682, 24758.897439572, 24759.964516606, 24760.949330786, 24761.915098227, 24762.904467929, 24763.88430822, 24764.837683331, 24765.787453237, 24766.771145134, 24767.831457898, 24768.763763471, 24769.689197952, 24770.643812821, 24771.608894363, 24776.206440882, 24777.160956563, 24778.089364357, 24779.080548575, 24780.029195836, 24780.991146247, 24781.974394977, 24783.051698864, 24784.051346667, 24784.982891162, 24785.93218562, 24786.833172229, 24787.773509479, 24788.720131733, 24789.691052788, 24790.641864994, 24791.727588152, 24792.714171642, 24793.678819625, 24794.661557089, 24799.447389646, 24800.408704263, 24801.351953394, 24802.289841816, 24803.245510829, 24804.181822069, 24805.135749095, 24806.072543899, 24807.144572329, 24808.138487563, 24809.13235769, 24810.125312269, 24811.092873737, 24812.061026585, 24813.009931688, 24813.924977922, 24814.875216984, 24815.930396653, 24816.864804808, 24817.817595043, 24822.543709227, 24823.487544559, 24824.400116707, 24825.325875822, 24826.270504888, 24827.242060244, 24828.20282462, 24829.150288181, 24830.202424056, 24831.151683928, 24832.11336772, 24833.029853382, 24833.999793333, 24834.967410117, 24835.89766008, 24836.864086179, 24837.8472672, 24838.956114344, 24839.913325694, 24840.853338874, 24845.552280138, 24846.514068299, 24847.49519678, 24848.45032473, 24849.43020684, 24850.393312607, 24851.371977654, 24852.327446294, 24853.28180789, 24854.297439242, 24855.280907782, 24856.2578671, 24857.223573876, 24858.197087321, 24859.173450441, 24860.153647383, 24861.096425874, 24862.044794885, 24863.087221155, 24864.064165905, 24868.748225716, 24869.821271379, 24870.781140113, 24871.75289475, 24872.704195481, 24873.648241052, 24874.606749524, 24875.548625879, 24876.504452978, 24877.44875201, 24878.533123246, 24879.501946513, 24880.464039486, 24881.428420009, 24882.391482132, 24883.350971583, 24884.323284937, 24885.284004627, 24886.352365191, 24887.322937531, 24892.00609591, 24893.099875084, 24894.060483311, 24895.035002438, 24896.019623751, 24896.99614918, 24897.940010474, 24898.918740119, 24899.911338097, 24900.88636804, 24901.986920611, 24902.961121931, 24903.942800513, 24904.944290174, 24905.896369039, 24906.837958611, 24907.813137779, 24908.778356572, 24909.762150484, 24910.836514986, 24915.565667986, 24916.538601384, 24917.647822052, 24918.600661641, 24919.502798127, 24920.424814683, 24921.354583938, 24922.305510483, 24923.241313312, 24924.151861334, 24925.082273055, 24926.135814124, 24927.10293468, 24928.090129027, 24929.085378339, 24930.093961749, 24931.083276185, 24932.052302721, 24933.038521675, 24934.019926073, 24938.838194032, 24939.830737145, 24940.802556154, 24941.898459156, 24942.87028598, 24943.8143408, 24944.785974276, 24945.765410494, 24946.715370157, 24947.659246462, 24948.653260885, 24949.749667679, 24950.717070173, 24951.692260301, 24952.678212555, 24953.627603288, 24954.57843394, 24955.546519308, 24956.484205153, 24957.43921122, 24962.075705896, 24963.0127233, 24963.899663671, 24964.939368833, 24965.854584842, 24966.787498993, 24967.682836302, 24968.603003987, 24969.510167976, 24970.44070107, 24971.349428634, 24972.255805028, 24973.327592358, 24974.238077189, 24975.197097033, 24976.135758952, 24977.049015578, 24977.965821011, 24978.897109077, 24979.824163025], "episode_lengths": [50, 50, 50, 50, 50, 50, 50, 50, 50, 50, 50, 50, 50, 50, 50, 50, 50, 50, 50, 50, 50, 50, 50, 50, 50, 50, 50, 50, 50, 50, 50, 50, 50, 50, 50, 50, 50, 50, 50, 50, 50, 50, 50, 50, 50, 50, 50, 50, 50, 50, 50, 50, 50, 50, 50, 50, 50, 50, 50, 50, 50, 50, 50, 50, 50, 50, 50, 50, 50, 50, 50, 50, 50, 50, 50, 50, 50, 50, 50, 50, 50, 50, 50, 50, 50, 50, 50, 50, 50, 50, 50, 50, 50, 50, 50, 50, 50, 50, 50, 50, 50, 50, 50, 50, 50, 50, 50, 50, 50, 50, 50, 50, 50, 50, 50, 50, 50, 50, 50, 50, 50, 50, 50, 50, 50, 50, 50, 50, 50, 50, 50, 50, 50, 50, 50, 50, 50, 50, 50, 50, 50, 50, 50, 50, 50, 50, 50, 50, 50, 50, 50, 50, 50, 50, 50, 50, 50, 50, 50, 50, 50, 50, 50, 50, 50, 50, 50, 50, 50, 50, 50, 50, 50, 50, 50, 50, 50, 50, 50, 50, 50, 50, 50, 50, 50, 50, 50, 50, 50, 50, 50, 50, 50, 50, 50, 50, 50, 50, 50, 50, 50, 50, 50, 50, 50, 50, 50, 50, 50, 50, 50, 50, 50, 50, 50, 50, 50, 50, 50, 50, 50, 50, 50, 50, 50, 50, 50, 50, 50, 50, 50, 50, 50, 50, 50, 50, 50, 50, 50, 50, 50, 50, 50, 50, 50, 50, 50, 50, 50, 50, 50, 50, 50, 50, 50, 50, 50, 50, 50, 50, 50, 50, 50, 50, 50, 50, 50, 50, 50, 50, 50, 50, 50, 50, 50, 50, 50, 50, 50, 50, 50, 50, 50, 50, 50, 50, 50, 50, 50, 50, 50, 50, 50, 50, 50, 50, 50, 50, 50, 50],