{"initial_reset_timestamp": 27829.099936194, "timestamps": [27831.02227955, 27831.18866079, 27831.518976484, 27831.780246792, 27832.028448158, 27832.401309806, 27834.766431963, 27835.008107725, 27835.315158714, 27835.555186759, 27835.791435505, 27836.028065109, 27836.264968496], "episode_lengths": [150, 150, 150, 150, 150, 150, 150, 150, 150, 150, 150, 150, 150], "episode_rewards": [-150.0, -150.0, -150.0, -150.0, -150.0, -150.0, -150.0, -150.0, -150.0, -150.0, -150.0, -150.0, -150.0], "episode_types": ["t", "t", "t", "t", "t", "t", "t", "t", "t", "t", "t", "t", "t", "t"]}