{"initial_reset_timestamp": 27829.210454384, "timestamps": [27829.454427695, 27829.72453463, 27829.979595899, 27830.23532887, 27830.478150551, 27830.751858515, 27830.99785037, 27833.456482973, 27833.660844204, 27833.868727402, 27834.075681005, 27834.28561538, 27834.49431075, 27834.70350931, 27837.273347926, 27837.482128148, 27837.692760707, 27837.901433753, 27838.17824275, 27838.391764568, 27838.612346121], "episode_lengths": [150, 150, 150, 150, 150, 150, 150, 150, 150, 150, 150, 150, 150, 150, 150, 150, 150, 150, 150, 150, 150], "episode_rewards": [-150.0, -150.0, -150.0, -150.0, -150.0, -150.0, -150.0, -150.0, -150.0, -150.0, -150.0, -150.0, -150.0, -150.0, -150.0, -150.0, -150.0, -150.0, -150.0, -150.0, -150.0], "episode_types": ["t", "t", "t", "t", "t", "t", "t", "t", "t", "t", "t", "t", "t", "t", "t", "t", "t", "t", "t", "t", "t"]}