{"initial_reset_timestamp": 27644.453741105, "timestamps": [27644.746207327, 27644.976487084, 27645.196042726, 27645.413113462, 27645.653103825, 27645.890303868, 27646.149730505, 27648.62385179, 27648.82891369, 27649.035298536, 27649.24470316, 27649.449978427, 27649.655970763, 27649.865137423, 27652.390692858, 27652.597985198, 27652.805456539, 27653.010473483, 27653.29052888, 27653.498217506, 27653.707168103], "episode_lengths": [150, 150, 150, 150, 150, 150, 150, 150, 150, 150, 150, 150, 150, 150, 150, 150, 150, 150, 150, 150, 150], "episode_rewards": [-150.0, -150.0, -150.0, -150.0, -150.0, -150.0, -150.0, -150.0, -150.0, -150.0, -150.0, -150.0, -150.0, -150.0, -150.0, -150.0, -150.0, -150.0, -150.0, -150.0, -150.0], "episode_types": ["t", "t", "t", "t", "t", "t", "t", "t", "t", "t", "t", "t", "t", "t", "t", "t", "t", "t", "t", "t", "t"]}