{"initial_reset_timestamp": 27644.345785139, "timestamps": [27646.173762095, 27646.35311455, 27646.664863502, 27646.963356189, 27647.251926009, 27647.587837913, 27649.927450732, 27650.1682919, 27650.4749818, 27650.711861591, 27650.94840477, 27651.182261217, 27651.415495266], "episode_lengths": [150, 150, 150, 150, 150, 150, 150, 150, 150, 150, 150, 150, 150], "episode_rewards": [-150.0, -150.0, -150.0, -150.0, -150.0, -150.0, -150.0, -150.0, -150.0, -150.0, -150.0, -150.0, -150.0], "episode_types": ["t", "t", "t", "t", "t", "t", "t", "t", "t", "t", "t", "t", "t", "t"]}