{"initial_reset_timestamp": 1660815675.0544388, "timestamps": [1660815684.2126718, 1660815684.4186008, 1660815684.6870997, 1660815685.1431646, 1660815685.5834382, 1660815685.9989119, 1660815686.4080076, 1660815686.8170316, 1660815687.2261071, 1660815687.6194909, 1660815691.4569702, 1660815691.8504467, 1660815692.2438834, 1660815692.6529088, 1660815693.0620031, 1660815693.5022726, 1660815693.8957498, 1660815694.3049903, 1660815694.6827762, 1660815695.076256, 1660815699.8549614, 1660815701.2325175, 1660815702.610177, 1660815703.9877028, 1660815705.3498123, 1660815706.727432, 1660815708.094656, 1660815709.4723775, 1660815710.8345375, 1660815712.2123005, 1660815736.2652934, 1660815737.7292585, 1660815739.1224587, 1660815740.5157933, 1660815743.9086313, 1660815745.2852428, 1660815750.7401717, 1660815752.1178594, 1660815759.2551436, 1660815760.6326926, 1660815782.2445529, 1660815789.4023178, 1660815790.76448, 1660815794.9810498, 1660815801.6945584, 1660815803.1629655, 1660815804.600582, 1660815812.0313425, 1660815814.7049997, 1660815816.1421645, 1660815829.9267433, 1660815836.0838144, 1660815837.4741151, 1660815845.3049185, 1660815852.289158, 1660815853.649702, 1660815857.0530877, 1660815858.4803967, 1660815860.0477912, 1660815861.4409595, 1660815869.2609694, 1660815875.932918, 1660815877.3578467, 1660815884.2455754, 1660815886.6541586, 1660815888.0869088, 1660815892.2607408, 1660815893.6655314, 1660815895.105799, 1660815899.40456, 1660815920.3015156, 1660815921.741669, 1660815924.4003685, 1660815925.8747978, 1660815927.299304, 1660815928.71051, 1660815932.415733, 1660815934.1356037, 1660815938.3675094, 1660815939.7608776, 1660815950.3855703, 1660815956.621926, 1660815957.9838843, 1660815959.4259615, 1660815960.947, 1660815962.262488, 1660815963.578818, 1660815968.268249, 1660815969.5989602, 1660815970.9297566, 1660815991.0651696, 1660815998.287808, 1660815999.6029556, 1660816000.9336965, 1660816007.1497378, 1660816013.885571, 1660816015.2008257, 1660816016.5159662, 1660816017.8331115, 1660816023.2555027, 1660816039.1681535, 1660816040.573126, 1660816041.9586937, 1660816043.306428, 1660816049.3606935, 1660816050.8789208, 1660816052.2098262, 1660816055.6027627, 1660816056.9178677, 1660816061.7166429, 1660816082.774376, 1660816085.5111318, 1660816091.808905, 1660816093.1395996, 1660816098.2997959, 1660816099.6432326, 1660816105.2200563, 1660816106.5322495, 1660816109.0494583, 1660816110.3616638, 1660816128.3207064, 1660816129.6328924, 1660816133.9935212, 1660816140.0389833, 1660816141.429285, 1660816148.1488812, 1660816149.6329103, 1660816151.0232093, 1660816152.4135115, 1660816158.257689, 1660816169.1964893, 1660816174.2287445, 1660816180.2167444, 1660816181.6255915, 1660816183.05029, 1660816190.6785626, 1660816192.165485, 1660816197.2634704, 1660816198.6880267, 1660816200.1124487, 1660816209.9231808, 1660816213.862693, 1660816215.3839507, 1660816216.8158991, 1660816218.3184261, 1660816225.108959, 1660816226.5528169, 1660816227.9148903, 1660816229.3394284, 1660816236.687505, 1660816244.3285882, 1660816249.2679365, 1660816250.645665, 1660816252.0545602, 1660816253.4634573, 1660816260.2669592, 1660816261.675828, 1660816263.0691946, 1660816264.4657872, 1660816270.826768, 1660816276.0728652, 1660816282.6062255, 1660816284.0150259, 1660816285.4083087, 1660816286.7859542, 1660816293.506178, 1660816294.8994412, 1660816296.2916374, 1660816302.0712616, 1660816303.4800885, 1660816308.630212, 1660816315.5870488, 1660816316.9802454, 1660816318.366498, 1660816322.4154425, 1660816323.8355694, 1660816325.3229895, 1660816326.7165053, 1660816331.4675431, 1660816332.8482757, 1660816339.8480005, 1660816342.817263, 1660816344.252327, 1660816345.6793706, 1660816349.495175, 1660816350.8884132, 1660816356.3431795, 1660816358.4394143, 1660816359.8318918, 1660816363.5057876, 1660816375.7267206, 1660816377.1356857, 1660816382.7777014, 1660816384.1553485, 1660816387.5013187, 1660816388.9413724, 1660816390.3348196, 1660816391.5874572, 1660816396.4643033, 1660816399.4004211, 1660816412.961157, 1660816414.3166976, 1660816419.3029704, 1660816420.6492767, 1660816425.99484, 1660816427.3260121, 1660816432.3702672, 1660816433.7123384, 1660816435.0900211, 1660816436.5145326, 1660816447.4575467, 1660816450.9596827, 1660816452.32162, 1660816456.1519969, 1660816457.5106914, 1660816461.246842, 1660816462.640106, 1660816468.379471, 1660816474.0715415, 1660816480.07425, 1660816489.9744987, 1660816493.7421632, 1660816495.166661, 1660816496.6567569, 1660816498.0344367, 1660816499.4589584, 1660816504.0545871, 1660816505.4321837, 1660816509.7934504, 1660816511.1867616, 1660816538.1292822, 1660816539.4883418, 1660816545.629893, 1660816546.9889538, 1660816548.426121, 1660816555.2251945, 1660816556.5686326, 1660816560.022539, 1660816562.3345032, 1660816563.709183, 1660816579.4484966, 1660816585.8621123, 1660816587.2085629, 1660816588.570493, 1660816594.3873808, 1660816600.7810738, 1660816606.816407, 1660816608.1629012, 1660816609.509259, 1660816615.7469666, 1660816631.9870486, 1660816636.404562, 1660816637.8111298, 1660816639.2074435, 1660816640.650519, 1660816644.1145318, 1660816645.507905, 1660816646.9011378, 1660816648.2945547, 1660816653.6952975, 1660816674.3797097, 1660816678.18219, 1660816679.5597286, 1660816680.9529712, 1660816684.5801415, 1660816685.9579008, 1660816690.9042635, 1660816695.1249385, 1660816696.502589, 1660816701.0004673, 1660816710.4895537, 1660816711.8829007, 1660816713.2761188, 1660816720.1090138, 1660816723.8298604, 1660816725.2719808, 1660816726.6808348, 1660816728.15515, 1660816729.5963736, 1660816730.9897647, 1660816738.893378, 1660816745.2230148, 1660816749.1000366, 1660816753.133444, 1660816758.7132802, 1660816760.099399, 1660816766.179795, 1660816773.131303, 1660816774.5550632, 1660816780.3193464, 1660816792.1313686, 1660816793.5841553, 1660816798.864176, 1660816800.2879267, 1660816804.4275887, 1660816805.8491316, 1660816812.4905484, 1660816814.9760056, 1660816820.0864267, 1660816821.5109835, 1660816833.0351293, 1660816834.4951289, 1660816835.9196124, 1660816837.3441465, 1660816840.0401556, 1660816843.6486843, 1660816845.0405476, 1660816846.430849, 1660816848.0398486, 1660816852.8199832, 1660816869.6974347, 1660816872.6498713, 1660816874.040171, 1660816875.4304724, 1660816879.666604, 1660816881.0599093, 1660816884.3202653, 1660816890.040222, 1660816891.4177659, 1660816895.7314198, 1660816907.270703, 1660816912.5562284, 1660816913.9495327, 1660816915.4321263, 1660816920.6669881, 1660816925.5118906, 1660816927.0143802, 1660816928.4076843, 1660816934.120027, 1660816935.54442, 1660816944.3502467, 1660816945.7324634, 1660816951.4973161, 1660816956.5730145, 1660816958.731827, 1660816964.0260425, 1660816965.4348037, 1660816966.8125308, 1660816973.391346, 1660816974.784594, 1660816985.5386162, 1660816992.6492784, 1660817000.2570624, 1660817001.647362, 1660817007.22623, 1660817010.96204, 1660817014.9767272, 1660817016.3670282, 1660817019.3060653, 1660817020.74323, 1660817025.7747405, 1660817027.368118, 1660817032.3848646, 1660817033.7907846, 1660817036.6182582, 1660817038.008551, 1660817039.3988516, 1660817042.03886, 1660817043.4447823, 1660817048.44587, 1660817058.9825287, 1660817062.5065403, 1660817063.9224203, 1660817065.3783364, 1660817069.5513813, 1660817070.9913793, 1660817074.9894013, 1660817081.6056814, 1660817083.0302422, 1660817085.731455, 1660817092.2496018, 1660817095.2392669, 1660817098.100927, 1660817099.5253704, 1660817100.9654796, 1660817102.4680536, 1660817103.9083145, 1660817107.9103372, 1660817109.3349195, 1660817113.8836498, 1660817121.3089676, 1660817125.7670019, 1660817127.1916184, 1660817130.868683, 1660817132.2932048, 1660817133.795794, 1660817135.2255871, 1660817136.6657217, 1660817138.936889, 1660817143.525116, 1660817148.4661276, 1660817149.8832002, 1660817153.8072023, 1660817155.2160702, 1660817156.6240942, 1660817158.0173578, 1660817159.4105172, 1660817160.8819087, 1660817165.0557039, 1660817166.4647934, 1660817174.8843937, 1660817176.2932172, 