{"initial_reset_timestamp": 1660815675.48143, "timestamps": [1660815681.3773832, 1660815681.8136919, 1660815682.2256107, 1660815682.6372705, 1660815682.8902209, 1660815683.1430683, 1660815683.3958359, 1660815683.6599865, 1660815683.89727, 1660815684.150187, 1660815688.8996184, 1660815689.1524646, 1660815689.4053838, 1660815689.6584418, 1660815689.9268527, 1660815690.1797447, 1660815690.4481945, 1660815690.7011142, 1660815690.9540522, 1660815691.22265, 1660815696.219404, 1660815696.4721923, 1660815696.725156, 1660815696.977995, 1660815697.2309163, 1660815697.499574, 1660815697.7524347, 1660815698.0057487, 1660815698.3212466, 1660815698.5896313, 1660815719.0365546, 1660815725.2910068, 1660815725.6220522, 1660815725.8593745, 1660815726.112259, 1660815726.4461353, 1660815731.8227773, 1660815732.075613, 1660815732.3284268, 1660815735.0624487, 1660815772.3007443, 1660815772.569139, 1660815772.8242505, 1660815773.0926695, 1660815779.7462769, 1660815779.9991207, 1660815780.267563, 1660815780.520429, 1660815780.7889247, 1660815781.0417085, 1660815819.159073, 1660815819.4090147, 1660815819.6745777, 1660815826.222282, 1660815826.487844, 1660815827.7241313, 1660815827.9896939, 1660815828.2396362, 1660815828.4895794, 1660815828.73952, 1660815865.5922766, 1660815865.9106054, 1660815866.1635215, 1660815866.4163282, 1660815866.68485, 1660815866.9376667, 1660815867.1905172, 1660815867.505963, 1660815867.7739975, 1660815868.0268824, 1660815908.4697335, 1660815908.7069094, 1660815909.0222483, 1660815909.2906952, 1660815909.527919, 1660815909.7808654, 1660815910.0337183, 1660815916.097694, 1660815916.3349113, 1660815919.0674288, 1660815941.4437447, 1660815941.6809595, 1660815941.9338434, 1660815942.1710825, 1660815942.345792, 1660815942.5829163, 1660815942.7732878, 1660815948.074068, 1660815948.3113365, 1660815948.5802221, 1660815948.7863634, 1660815948.973819, 1660815949.245211, 1660815981.7110646, 1660815981.948271, 1660815982.1855268, 1660815982.4383273, 1660815982.675709, 1660815988.9915466, 1660815989.2287662, 1660815989.4659314, 1660815989.687568, 1660815989.9248078, 1660816027.1189005, 1660816027.3562953, 1660816029.0932555, 1660816029.3304956, 1660816029.567678, 1660816029.8048568, 1660816034.3537798, 1660816034.5909374, 1660816034.8282428, 1660816038.0121737, 1660816068.9428313, 1660816069.2737815, 1660816074.4532924, 1660816074.7062588, 1660816074.9122634, 1660816080.3379998, 1660816080.6064446, 1660816080.843655, 1660816081.1121325, 1660816081.3499296, 1660816081.6027727, 1660816119.2422345, 1660816119.5077991, 1660816119.7577453, 1660816120.0076818, 1660816124.821515, 1660816125.0870779, 1660816126.3836524, 1660816126.6648343, 1660816126.9147768, 1660816127.1647172, 1660816159.9805155, 1660816160.233461, 1660816160.5020278, 1660816160.7704585, 1660816161.0233915, 1660816166.8069787, 1660816167.1692903, 1660816167.4378426, 1660816167.6907701, 1660816167.9591908, 1660816201.3177257, 1660816206.5881386, 1660816206.8567188, 1660816207.1252568, 1660816207.3781137, 1660816207.6456878, 1660816207.9142406, 1660816208.1827836, 1660816208.4357753, 1660816208.7047036, 1660816238.3792174, 1660816238.7434092, 1660816239.0121796, 1660816239.2807953, 1660816239.5492904, 1660816242.098517, 1660816242.3670561, 1660816242.6354563, 1660816242.9040687, 1660816243.1882293, 1660816272.3288796, 1660816272.5817647, 1660816272.850321, 1660816273.1187403, 1660816273.387342, 1660816273.6402125, 1660816274.002697, 1660816274.2712455, 1660816274.6648936, 1660816274.9325094, 1660816304.7609053, 1660816305.0450554, 1660816305.2978568, 1660816305.6600862, 1660816306.1629558, 1660816306.4315665, 1660816306.7157266, 1660816306.984149, 1660816307.2526433, 1660816307.5054739, 1660816334.1328804, 1660816334.4015636, 1660816334.7159798, 1660816337.2067962, 1660816337.459681, 1660816337.7124887, 1660816337.9653418, 1660816338.2026186, 1660816338.4658496, 1660816338.7188668, 1660816372.1867032, 1660816372.5332985, 1660816372.8017209, 1660816373.0545244, 1660816373.3219357, 1660816373.5747843, 1660816373.8433287, 1660816374.0962398, 1660816374.349092, 1660816374.6019802, 1660816403.883415, 1660816408.1262572, 1660816408.3790808, 1660816410.303564, 1660816410.5720139, 1660816410.8248508, 1660816411.077672, 1660816411.3461335, 1660816411.61455, 1660816411.8676596, 1660816441.1826036, 1660816441.4354262, 1660816444.563008, 1660816444.831442, 1660816445.0842679, 1660816445.337168, 1660816445.5900362, 1660816445.8584673, 1660816446.1112518, 1660816446.3640494, 1660816486.6216483, 1660816486.858929, 1660816487.1118078, 1660816487.3646462, 1660816487.6018322, 1660816487.85473, 1660816488.106592, 1660816488.3595312, 1660816488.596815, 1660816488.8497589, 1660816521.9511309, 1660816522.216694, 1660816522.5135007, 1660816522.779065, 1660816523.044627, 1660816530.802855, 1660816531.0684183, 1660816531.9588375, 1660816536.7233574, 1660816537.0045419, 1660816568.1456537, 1660816568.411217, 1660816568.682946, 1660816568.9172676, 1660816569.1828303, 1660816574.4472334, 1660816574.7127974, 1660816577.5513852, 1660816577.8042474, 1660816578.0728655, 1660816578.3257663, 1660816622.7807, 1660816623.0491514, 1660816623.3177378, 1660816623.5709894, 1660816623.8237867, 1660816624.0922976, 1660816627.287381, 1660816627.5403461, 1660816630.6390464, 1660816630.8935525, 1660816666.8774538, 1660816667.130245, 1660816667.3830519, 1660816667.7296164, 1660816671.6285105, 1660816672.2280185, 1660816672.4808059, 1660816672.749274, 1660816673.017807, 1660816673.2705927, 1660816703.5658176, 1660816703.823606, 1660816704.0921016, 1660816704.4230385, 1660816708.051066, 1660816708.321285, 1660816708.6061566, 1660816708.8591402, 1660816709.127663, 1660816709.3804379, 1660816735.4001408, 1660816735.6675775, 1660816735.9204526, 1660816736.17323, 1660816736.4886441, 1660816736.7416008, 1660816736.9944513, 1660816737.2472587, 1660816737.5158334, 1660816737.7686398, 1660816785.7399583, 1660816785.989901, 1660816786.239842, 1660816786.5835109, 1660816786.833454, 1660816789.741303, 1660816789.9912424, 1660816790.2411842, 1660816790.7098258, 1660816790.975389, 1660816824.598212, 1660816824.8822687, 1660816825.225938, 1660816825.4946802, 1660816825.7645395, 1660816826.0330362, 1660816826.3015761, 1660816831.2328465, 1660816831.4857624, 1660816831.8791485, 1660816858.0709648, 1660816858.3365278, 1660816861.7755547, 1660816862.0411186, 1660816862.3066819, 1660816867.557308, 1660816867.80725, 1660816868.0728128, 1660816868.3383753, 1660816868.5883193, 1660816900.8050747, 1660816904.1132743, 1660816904.3505845, 1660816904.6035075, 1660816904.8562865, 1660816905.1090322, 1660816905.36182, 1660816905.6146185, 1660816905.8674126, 1660816906.1514373, 1660816936.984911, 1660816937.2377076, 1660816937.568714, 1660816937.8214676, 1660816938.0743704, 1660816938.3272922, 1660816938.5801542, 1660816938.8799367, 1660816942.971758, 1660816943.2246447, 1660816976.1767879, 1660816976.4452796, 1660816976.7769954, 1660816977.045458, 1660816977.2972448, 1660816983.3658948, 1660816983.6344004, 1660816983.8872862, 1660816984.1609952, 1660816984.413878, 1660817022.2897446, 1660817022.5553071, 1660817022.809297, 1660817023.0566242, 1660817023.4002938, 1660817023.650237, 1660817023.9001777, 1660817024.150121, 1660817024.4000611, 1660817024.6500022, 1660817053.1581287, 1660817053.4236915, 1660817053.7204962, 1660817054.0641663, 1660817054.3297296, 1660817054.5952923, 1660817054.845234, 1660817057.3050685, 1660817057.557984, 1660817057.8109272, 1660817086.999076, 1660817087.2518814, 1660817089.1483457, 1660817089.5138698, 1660817089.7667139, 1660817090.0196712, 1660817090.2881835, 1660817090.5567367, 1660817090.809561, 1660817091.0936208, 1660817117.6400335, 1660817117.9085174, 1660817118.16137, 1660817118.5239515, 1660817118.7925708, 1660817119.0610006, 1660817119.3138967, 1660817119.5829482, 1660817119.8531666, 1660817120.1529872, 1660817144.8152826, 1660817145.0837643, 1660817145.4461355, 1660817145.714623, 1660817145.9675295, 1660817146.2360365, 1660817146.5045683, 