{"initial_reset_timestamp": 1660549639.1486032, "timestamps": [1660549640.8916624, 1660549641.197603, 1660549641.6684241, 1660549642.1241744, 1660549642.547593, 1660549642.9632008, 1660549645.9191391, 1660549646.3401701, 1660549646.747989, 1660549647.1603339, 1660549647.5650988, 1660549647.9796615, 1660549648.3797822, 1660549651.7265513, 1660549653.2956538, 1660549654.8463798, 1660549656.3946426, 1660549657.943955, 1660549659.5166566, 1660549661.1028328, 1660549665.0058715, 1660549666.5729692, 1660549668.1222672, 1660549668.992722, 1660549670.5591745, 1660549672.1411004, 1660549673.559035, 1660549677.6308224, 1660549679.800927, 1660549681.523837, 1660549683.090642, 1660549684.7168903, 1660549686.2859979, 1660549690.3158836, 1660549691.9112341, 1660549693.5081804, 1660549695.096293, 1660549696.6503475, 1660549698.2084687, 1660549699.6156733, 1660549703.6340184, 1660549705.226248, 1660549706.7917056, 1660549708.3435645, 1660549709.8916779, 1660549711.6808736, 1660549713.2348285, 1660549717.090177, 1660549718.659955, 1660549720.2239249, 1660549721.760933, 1660549723.3520172, 1660549724.9316134, 1660549726.5499156, 1660549730.529998, 1660549732.0939722, 1660549733.6436188, 1660549735.20561, 1660549736.7927268, 1660549738.3903928, 1660549742.5666556, 1660549744.1653626, 1660549745.714709, 1660549747.2689242, 1660549748.8491116, 1660549750.3990188, 1660549751.9531207, 1660549755.90027, 1660549757.4785767, 1660549759.0653594, 1660549760.1684573, 1660549761.7204697, 1660549763.3269687, 1660549763.9444454, 1660549767.9205108, 1660549769.2057495, 1660549769.845025, 1660549770.804952, 1660549772.372877, 1660549773.9451904, 1660549775.497011, 1660549777.0330026, 1660549781.2298496, 1660549782.783019, 1660549784.3711138, 1660549785.9280317, 1660549787.5092053, 1660549788.5814214, 1660549790.1784348, 1660549794.1088405, 1660549795.7134624, 1660549796.5229065, 1660549798.1854842, 1660549799.8108912, 1660549801.998131, 1660549803.6650605, 1660549804.3538923, 1660549805.347225, 1660549809.1781237, 1660549810.7399752, 1660549812.3044496, 1660549813.8898017, 1660549815.444832, 1660549817.270163, 1660549821.1465027, 1660549822.7093713, 1660549824.2669125, 1660549825.8378227, 1660549827.4348898, 1660549828.9987245, 1660549830.5510857, 1660549834.488697, 1660549836.0512888, 1660549837.6228604, 1660549839.1904163, 1660549840.768346, 1660549842.3222308, 1660549843.8909366, 1660549848.066077, 1660549849.6716418, 1660549851.2438853, 1660549852.8369868, 1660549854.4046636, 1660549855.9933095, 1660549860.0047781, 1660549861.5991862, 1660549863.1664202, 1660549864.765434, 1660549866.3270478, 1660549867.8949437, 1660549869.4630115, 1660549873.462924, 1660549875.0146368, 1660549876.5550466, 1660549878.1157753, 1660549879.670315, 1660549881.2461855, 1660549882.8170652, 1660549887.0211477, 1660549888.5772622, 1660549890.1185946, 1660549891.6957545, 1660549893.248637, 1660549894.8184443, 1660549898.6689885, 1660549900.2220523, 1660549901.784418, 1660549903.3409238, 1660549904.9041574, 1660549906.4743733, 1660549908.0429947, 1660549911.9158983, 1660549913.4755, 1660549915.0254245, 1660549916.581392, 1660549918.1609871, 1660549919.6978798, 1660549921.266282, 1660549926.2183235, 1660549927.7887611, 1660549929.3403316, 1660549930.8879042, 1660549932.4459, 1660549934.017071, 1660549937.8720484, 1660549939.4316285, 1660549940.994918, 1660549942.5740857, 1660549944.123789, 1660549945.689582, 1660549947.2196043, 1660549951.3115501, 1660549952.8601754, 1660549954.4259088, 1660549955.9717724, 1660549957.5056756, 1660549959.0512075, 1660549960.6055696, 1660549964.837345, 1660549966.3679433, 1660549967.915392, 1660549969.478462, 1660549971.0205498, 1660549972.556484, 1660549976.5950036, 1660549978.1374729, 1660549979.673029, 1660549981.2012746, 1660549982.764095, 1660549984.319447, 1660549985.861149, 1660549990.095758, 1660549991.630362, 1660549993.1668565, 1660549994.716564, 1660549996.275771, 1660549997.8184648, 1660549999.3656495, 1660550003.429507, 1660550004.996541, 1660550006.5548801, 1660550008.106446, 1660550009.679288, 1660550011.230473, 1660550015.2596216, 1660550016.836471, 1660550018.3714359, 1660550019.9274411, 1660550021.4501715, 1660550022.9972599, 1660550024.5461361, 1660550028.9197428, 1660550030.4750407, 1660550032.0389304, 1660550033.5535908, 1660550035.086212, 1660550036.6250432, 1660550038.1560423, 1660550042.1894152, 1660550043.7516353, 1660550045.2981324, 1660550047.3233109, 1660550049.1452785, 1660550050.698472, 1660550054.6633542, 1660550056.2166286, 1660550057.759598, 1660550059.3011549, 1660550060.843745, 1660550062.3860972, 1660550063.9808226, 1660550068.1941915, 1660550069.7720077, 1660550071.3363512, 1660550072.8971076, 1660550074.4525938, 1660550076.0009274, 1660550077.5659578, 1660550081.6582873, 1660550083.229692, 1660550084.7984104, 1660550086.3565524, 1660550087.9229598, 1660550089.5062132, 1660550093.349109, 1660550094.93026, 1660550096.5008113, 1660550097.9732597, 1660550099.5150666, 1660550101.0479777, 1660550102.5830514, 1660550106.6572888, 1660550108.1943133, 1660550109.7471228, 1660550111.2718387, 1660550112.8012226, 1660550114.3339398, 1660550115.8709557, 1660550119.7425723, 1660550121.2808297, 1660550122.8547935, 1660550124.4116828, 1660550125.9687614, 1660550127.513759, 1660550131.3887002, 1660550132.942328, 1660550134.5371106, 1660550136.0790143, 1660550137.591179, 1660550139.1391642, 1660550140.682828, 1660550144.8121784, 1660550146.3677254, 1660550147.8991911, 1660550149.478198, 1660550151.0427814, 1660550152.6371348, 1660550154.206891, 1660550158.0937622, 1660550159.681158, 1660550161.2679315, 1660550162.8406837, 1660550164.4358602, 1660550165.9758356, 1660550169.8897624, 1660550171.4634995, 1660550173.233526, 1660550175.3648186, 1660550176.9405494, 1660550178.5114095, 1660550180.0874815, 1660550184.5140746, 1660550186.0974994, 1660550187.6700888, 1660550189.2415755, 1660550190.8059738, 1660550192.3749154, 1660550193.9038577, 1660550198.308128, 1660550199.8630645, 1660550201.4628336, 1660550203.0380669, 1660550204.6103683, 1660550206.166947, 1660550211.9712167, 1660550213.5434062, 1660550215.0816767, 1660550216.6233063, 1660550218.2193906, 1660550219.8361895, 1660550221.5398924, 1660550227.583567, 1660550229.1716, 1660550230.740902, 1660550232.3016973, 1660550233.8702016, 1660550235.6627986, 1660550237.2275767, 1660550243.3884735, 1660550244.9749699, 1660550246.527076, 1660550248.0936055, 1660550249.6843755, 1660550251.3213727, 1660550256.3327708, 1660550257.9139028, 1660550259.5049844, 1660550261.0862906, 1660550262.6604834, 1660550264.2351747, 1660550265.7876408, 1660550271.7282994, 1660550273.3119013, 1660550274.8531673, 1660550276.3734343, 1660550277.9080813, 1660550279.4679885, 1660550280.9989412],