{"initial_reset_timestamp": 27701.789994354, "timestamps": [27702.00313825, 27702.233138061, 27702.516201654, 27702.802676623, 27703.050315485, 27703.283609397, 27703.534987711, 27706.115070659, 27706.327133155, 27706.564929938, 27706.789747641, 27706.992145412, 27707.198228797, 27707.404442842, 27709.959394123, 27710.167689739, 27710.376681455, 27710.58021271, 27710.85590818, 27711.063251567, 27711.270223265], "episode_lengths": [150, 150, 150, 150, 150, 150, 150, 150, 150, 150, 150, 150, 150, 150, 150, 150, 150, 150, 150, 150, 150], "episode_rewards": [-150.0, -150.0, -150.0, -150.0, -150.0, -150.0, -150.0, -150.0, -150.0, -150.0, -150.0, -150.0, -150.0, -150.0, -150.0, -150.0, -150.0, -150.0, -150.0, -150.0, -150.0], "episode_types": ["t", "t", "t", "t", "t", "t", "t", "t", "t", "t", "t", "t", "t", "t", "t", "t", "t", "t", "t", "t", "t"]}