{"initial_reset_timestamp": 27701.676309766, "timestamps": [27703.558680074, 27703.737723307, 27704.071434959, 27704.344033453, 27704.616187178, 27704.938079704, 27707.466199162, 27707.701668449, 27708.005298174, 27708.254331449, 27708.501630036, 27708.753085958, 27708.995837324], "episode_lengths": [150, 150, 150, 150, 150, 150, 150, 150, 150, 150, 150, 150, 150], "episode_rewards": [-150.0, -150.0, -150.0, -150.0, -150.0, -150.0, -150.0, -150.0, -150.0, -150.0, -150.0, -150.0, -150.0], "episode_types": ["t", "t", "t", "t", "t", "t", "t", "t", "t", "t", "t", "t", "t", "t"]}