{"initial_reset_timestamp": 1660817439.4666772, "timestamps": [1660817448.671381, 1660817448.874461, 1660817449.2025108, 1660817449.6242917, 1660817450.048338, 1660817450.4388719, 1660817451.0481098, 1660817451.4855065, 1660817451.8760417, 1660817452.250955, 1660817462.7819881, 1660817463.1725185, 1660817463.5630512, 1660817463.9848282, 1660817464.359809, 1660817464.7834988, 1660817465.174044, 1660817465.6114316, 1660817466.001966, 1660817471.4866593, 1660817476.019131, 1660817477.411577, 1660817478.8360245, 1660817480.182436, 1660817481.5131254, 1660817482.872155, 1660817484.185168, 1660817487.4665751, 1660817488.7973008, 1660817494.388426, 1660817499.019833, 1660817500.3349335, 1660817504.2746003, 1660817505.6053357, 1660817511.1093965, 1660817512.6745985, 1660817518.4615808, 1660817523.3073587, 1660817524.6850078, 1660817526.0738099, 1660817538.2448459, 1660817541.465714, 1660817542.9401546, 1660817544.4299564, 1660817545.8232653, 1660817547.2166195, 1660817551.717379, 1660817554.9026456, 1660817559.4827833, 1660817560.860333, 1660817578.9529715, 1660817580.354534, 1660817581.7477362, 1660817586.1548836, 1660817587.6418366, 1660817592.3121266, 1660817596.3485656, 1660817597.5330565, 1660817598.9420407, 1660817603.6157277, 1660817619.187134, 1660817620.569996, 1660817623.7598748, 1660817625.1643832, 1660817626.5783882, 1660817627.9560144, 1660817632.4018571, 1660817633.8263276, 1660817635.2382083, 1660817636.259488, 1660817645.7366836, 1660817647.1144085, 1660817648.5077915, 1660817654.0877385, 1660817655.4766304, 1660817656.878496, 1660817658.0843394, 1660817659.4774957, 1660817665.0709631, 1660817666.4992409, 1660817670.2440052, 1660817680.497049, 1660817683.5621576, 1660817684.9866474, 1660817686.489205, 1660817688.9290266, 1660817690.353449, 1660817696.5137413, 1660817697.9382517, 1660817704.028831, 1660817709.4511418, 1660817718.3100877, 1660817723.8146427, 1660817728.8476386, 1660817734.817972, 1660817736.3207157, 1660817739.3386724, 1660817743.6530652, 1660817745.1091363, 1660817746.536404, 1660817750.6049387, 1660817760.828682, 1660817764.5028846, 1660817765.8804474, 1660817767.273721, 1660817770.3852632, 1660817775.8702288, 1660817779.741747, 1660817784.25558, 1660817791.594878, 1660817792.9880779, 1660817799.5710766, 1660817800.9799347, 1660817802.3574755, 1660817807.015667, 1660817811.7711196, 1660817813.1643698, 1660817814.557746, 1660817815.9562168, 1660817817.3495212, 1660817818.7583752, 1660817823.5868301, 1660817824.980142, 1660817826.3890283, 1660817827.7980683, 1660817829.2070677, 1660817830.6159987, 1660817831.9936173, 1660817833.386803, 1660817834.7802372, 1660817837.5655477, 1660817849.3566635, 1660817850.744418, 1660817852.137588, 1660817855.5929503, 1660817856.9705575, 1660817858.363806, 1660817859.7725942, 1660817861.243857, 1660817862.6373007, 1660817864.0150418, 1660817868.7699428, 1660817870.1633093, 1660817871.5451818, 1660817873.0008512, 1660817874.378459, 1660817875.5894825, 1660817877.0139422, 1660817878.4883313, 1660817880.0408356, 1660817881.4518125, 1660817882.845029, 1660817889.2621572, 1660817890.6687539, 1660817896.4828594, 1660817897.87733, 1660817899.270751, 1660817900.4807434, 1660817901.889587, 1660817903.3296802, 1660817904.7072809, 1660817906.1005561, 1660817919.228273, 1660817920.6215837, 1660817921.9992347, 1660817923.01768, 1660817924.7389314, 1660817927.663073, 1660817929.1372204, 1660817930.5305958, 1660817931.5177445, 1660817932.9260483, 1660817933.7881083, 1660817943.251339, 1660817944.6447961, 1660817949.0418158, 1660817950.169513, 1660817951.557251, 1660817952.9506607, 1660817954.343961, 1660817955.3996334, 1660817956.4648917, 1660817960.0209587, 1660817961.4159322, 1660817970.6701024, 1660817972.1107166, 1660817973.2697935, 1660817974.6942384, 1660817976.2126396, 1660817977.6214561, 1660817979.0459116, 1660817980.2549043, 1660817981.3359022, 1660817982.7603545, 1660817987.8455951, 1660817989.1919577, 1660817990.512449, 1660817991.9369485, 1660817993.3616436, 1660817994.8018312, 1660817996.2159953, 1660817997.6561656, 1660817999.0651257, 1660818000.4895756, 1660818001.929746, 1660818006.8483133, 1660818008.2727604, 1660818009.6973727, 1660818011.121809, 1660818011.9684224, 1660818013.0025215, 1660818014.4275308, 1660818015.8571928, 1660818017.3098729, 1660818018.7344806, 1660818024.3733714, 1660818025.8035717, 1660818027.2123942, 1660818028.636829, 1660818030.0612836, 1660818031.4856968, 1660818032.9101524, 1660818034.3347864, 1660818035.7748477, 1660818037.2775185, 1660818042.2291615, 1660818043.5754685, 1660818044.9062386, 1660818046.2213402, 1660818047.5521429, 1660818048.8674147, 1660818050.1982582, 1660818051.607119, 1660818052.938009, 1660818054.2378838, 1660818055.3654807, 1660818060.631416, 1660818061.9621365, 1660818063.277234, 1660818064.5924506, 1660818065.4077976, 1660818066.738467, 1660818068.0856063, 1660818069.4007409, 1660818070.7370071, 1660818072.052159, 1660818077.128174, 1660818078.14543, 1660818079.4762213, 1660818080.7913046, 1660818082.1376286, 1660818083.4839644, 1660818084.8147123, 1660818086.14537, 1660818087.4761288, 1660818088.806842, 1660818093.4621983, 1660818094.7929778, 1660818096.116569, 1660818097.4473374, 1660818098.5280616, 1660818099.2027001, 1660818100.5177603, 1660818101.714006, 1660818103.0447316, 1660818104.3599062, 1660818105.1750448, 1660818106.5870945, 1660818111.3630419, 1660818112.6928873, 1660818114.0236573, 1660818115.3699343, 1660818116.700748, 1660818118.0159593, 1660818119.3466773, 1660818120.7400732, 1660818122.070835, 1660818123.401551, 1660818128.0830786, 1660818129.4919105, 1660818130.8226213, 1660818132.1750782, 1660818133.490159, 1660818134.8124573, 1660818136.151514, 1660818137.48441, 1660818138.8151813, 1660818140.1562939, 1660818144.9852817, 1660818146.2953682, 1660818147.657358, 1660818148.9918234, 1660818150.3225577, 1660818151.6781218, 1660818153.049222, 1660818154.3788707, 1660818155.7165003, 1660818157.0628097, 1660818161.7361562, 1660818162.957583, 1660818164.3351283, 1660818165.7128086, 1660818167.0903513, 1660818168.4523044, 1660818169.8144047, 1660818171.1919785, 1660818172.569578, 1660818173.9305618, 1660818179.0891492, 1660818180.4667861, 1660818181.8443491, 1660818183.221913, 1660818184.5996473, 1660818185.977181, 1660818187.3548465, 1660818188.716757, 1660818190.0944078, 1660818191.4720492, 1660818196.6535935, 1660818198.0392334, 1660818199.401311, 1660818200.7785995, 1660818202.16237, 1660818203.5598764, 1660818204.9217627, 1660818206.3034468, 1660818207.69663, 1660818209.0586693, 1660818214.056927, 1660818215.4344974, 1660818216.812236, 1660818218.1899035, 1660818219.5535753, 1660818220.9468303, 1660818222.3087704, 1660818223.6857681, 1660818225.0477276, 1660818226.4159436, 1660818231.8813996, 1660818233.2589362, 1660818234.6212318, 1660818235.995809, 1660818237.3735337, 1660818238.7354693, 1660818240.1286254, 1660818241.481172, 1660818242.8587904, 1660818244.3300993, 1660818249.237067, 1660818250.6147285, 1660818251.9768028, 1660818253.354461, 1660818254.7165623, 1660818256.11503, 1660818257.4904628, 1660818258.868163, 1660818260.245827, 1660818261.6315904, 1660818266.90985, 1660818268.3187525, 1660818269.7588584, 1660818271.1676795, 1660818272.5921662, 1660818274.001066, 1660818275.4279602, 1660818276.8526456, 1660818278.3554251, 1660818279.7642832, 1660818284.9711554, 1660818286.3800006, 1660818287.80457, 1660818289.213436, 1660818290.6379476, 1660818292.0624905, 1660818293.596239, 1660818295.0208483, 1660818296.4298005, 1660818297.854254, 1660818303.175824, 1660818304.6003869, 1660818306.1186724, 1660818307.542235, 1660818308.9511597, 1660818310.36013, 1660818311.7597787, 1660818313.1842773, 1660818314.6087086, 1660818315.6583133, 1660818316.9934108, 1660818322.0405772, 1660818323.496282, 1660818324.9158628, 1660818326.3391774, 1660818327.7687879, 1660818329.1933146, 1660818330.6025338, 1660818332.0271041, 1660818333.4515452, 1660818334.875968, 1660818339.7627485, 1660818341.1701615, 1660818342.5480955, 