{"initial_reset_timestamp": 1660821924.248401, "timestamps": [1660821933.2759545, 1660821933.494654, 1660821933.838325, 1660821934.2913454, 1660821934.7131205, 1660821935.150519, 1660821935.6035385, 1660821935.9940724, 1660821936.4158487, 1660821936.8063827, 1660821940.6492386, 1660821941.0553935, 1660821941.4615486, 1660821941.8677034, 1660821942.2894797, 1660821942.6800148, 1660821943.0861702, 1660821943.53919, 1660821943.9297228, 1660821944.3202581, 1660821949.0244732, 1660821950.3857327, 1660821951.8228993, 1660821953.1819568, 1660821954.5410159, 1660821955.949122, 1660821957.3238013, 1660821958.6984823, 1660821960.0575411, 1660821961.4344049, 1660821966.4662066, 1660821967.840886, 1660821969.2155666, 1660821970.5924335, 1660821971.9983554, 1660821973.3645506, 1660821974.7392313, 1660821976.124113, 1660821977.513614, 1660821978.8798082, 1660821983.6926816, 1660821985.0703626, 1660821986.4439976, 1660821987.8372693, 1660821989.2304835, 1660821990.592534, 1660821991.9701965, 1660821993.3477533, 1660821994.7254739, 1660821996.103033, 1660822000.931773, 1660822002.309377, 1660822003.6870625, 1660822005.0646508, 1660822006.4423764, 1660822007.8202286, 1660822009.2447112, 1660822010.6224225, 1660822012.0000703, 1660822013.3620803, 1660822018.1576204, 1660822019.55081, 1660822020.937057, 1660822022.3163118, 1660822023.6784322, 1660822025.056135, 1660822026.4370997, 1660822027.8146431, 1660822029.1922753, 1660822030.5785303, 1660822035.2472565, 1660822036.6540124, 1660822038.0160558, 1660822039.3937418, 1660822040.7630377, 1660822042.1563628, 1660822043.5653167, 1660822044.942903, 1660822046.3139727, 1660822047.6916108, 1660822052.5677905, 1660822053.9297814, 1660822055.3233895, 1660822056.7011158, 1660822058.0788074, 1660822059.472039, 1660822060.855777, 1660822062.2336075, 1660822063.6271539, 1660822065.0047007, 1660822069.8345206, 1660822071.216356, 1660822072.593921, 1660822073.971511, 1660822075.3582249, 1660822076.7358909, 1660822078.0979295, 1660822079.5379853, 1660822080.9211423, 1660822082.2987888, 1660822087.0056634, 1660822088.445774, 1660822089.8234997, 1660822091.2034042, 1660822092.5966477, 1660822093.9742167, 1660822095.3609173, 1660822096.7474737, 1660822098.1203122, 1660822099.5292387, 1660822104.3010943, 1660822105.69443, 1660822107.072164, 1660822108.4497578, 1660822109.8429842, 1660822111.238434, 1660822112.6160939, 1660822113.9936962, 1660822115.3868818, 1660822116.7956984, 1660822121.51336, 1660822122.9065685, 1660822124.299808, 1660822125.6774433, 1660822127.0707495, 1660822128.4641778, 1660822129.841716, 1660822131.234914, 1660822132.6280968, 1660822134.021302, 1660822138.793874, 1660822140.1559036, 1660822141.5492299, 1660822142.92679, 1660822144.320066, 1660822145.6976807, 1660822147.0908453, 1660822148.4997709, 1660822149.955626, 1660822151.3488867, 1660822156.1280835, 1660822157.5119843, 1660822158.8896303, 1660822160.2671, 1660822161.58503, 1660822162.9875734, 1660822164.3619955, 1660822165.7381563, 1660822167.1044226, 1660822168.48197, 1660822173.1936016, 1660822174.571203, 1660822175.9488192, 1660822177.3264234, 1660822178.7041395, 1660822180.112993, 1660822181.4749773, 1660822182.8387103, 1660822184.2179508, 1660822185.5799205, 1660822190.263541, 1660822191.6257582, 1660822192.9877343, 1660822194.3496485, 1660822195.7429135, 1660822197.1205692, 1660822198.4981148, 1660822199.8756666, 1660822201.2533042, 1660822202.6308432, 1660822207.2298434, 1660822208.5918212, 1660822209.9693604, 1660822211.3469782, 1660822212.7393072, 1660822214.1018417, 1660822215.4950182, 1660822216.872189, 1660822218.249755, 1660822219.5961204, 1660822224.3425333, 1660822225.7045789, 1660822227.082304, 1660822228.4615564, 1660822229.8235672, 1660822231.2012055, 1660822232.5787547, 1660822233.9408247, 1660822235.240403, 1660822236.5558987, 1660822241.1764946, 1660822242.4916177, 1660822243.838163, 1660822245.1532798, 1660822246.4683363, 1660822247.7834697, 1660822249.098619, 1660822250.4138114, 1660822251.7913907, 1660822253.1064606, 1660822257.588037, 1660822258.9177732, 1660822260.2485888, 1660822261.579483, 1660822262.878984, 1660822264.194107, 1660822265.5038323, 1660822266.8970065, 1660822268.2121453, 1660822269.5272593, 1660822273.9831529, 1660822275.298261, 1660822276.629109, 1660822278.0049407, 1660822279.3044057, 1660822280.6115205, 1660822281.9473891, 1660822283.293706, 1660822284.6196997, 1660822285.925185, 1660822290.54655, 1660822291.8784745, 1660822293.193557, 1660822294.5086923, 1660822295.8164299, 1660822297.1315281, 1660822298.431388, 1660822299.7466044, 1660822301.0669794, 1660822302.3664591, 1660822306.7666547, 1660822307.832315, 1660822308.8818269, 1660822309.9312499, 1660822311.0024934, 1660822312.0518696, 1660822313.1169126, 1660822314.166437, 1660822315.2158825, 1660822316.2653863, 1660822319.913926, 1660822320.963402, 1660822322.0285296, 1660822323.078124, 1660822324.1433172, 1660822325.192724, 1660822326.2423894, 1660822327.3075125, 1660822328.3568833, 1660822329.4220116, 1660822333.0854504, 1660822334.1505485, 1660822335.20001, 1660822336.2493827, 1660822337.3320167, 1660822338.3829587, 1660822339.4481514, 1660822340.5186784, 1660822341.5783417, 1660822342.644939, 1660822346.443861, 1660822347.4932432, 1660822348.5585306, 1660822349.62352, 1660822350.6730552, 1660822351.7381718, 1660822352.7878203, 1660822353.8373785, 1660822354.902529, 1660822355.9675608, 1660822359.710022, 1660822360.775077, 1660822361.8245676, 1660822362.8897057, 1660822363.9548378, 1660822365.0043, 1660822366.0694456, 1660822367.1188295, 1660822368.1840355, 1660822369.233512, 1660822372.9006224, 1660822373.965785, 1660822375.0309277, 1660822376.0805228, 1660822377.1455493, 1660822378.2106767, 1660822379.2600963, 1660822380.3096018, 1660822381.374735, 1660822382.4241805, 1660822386.1999881, 1660822387.2651095, 1660822388.330285, 1660822389.3954675, 1660822390.4449549, 1660822391.4976432, 1660822392.5627663, 1660822393.6279185, 1660822394.6774392, 1660822395.7425532, 1660822399.4949105, 1660822400.5444407, 1660822401.6095731, 1660822402.7215803, 1660822403.8335395, 1660822404.898636, 1660822405.9481397, 1660822407.0038288, 1660822408.084692, 1660822409.1342673, 1660822412.9057152, 1660822413.9552886, 1660822415.0205233, 1660822416.080169, 1660822417.1296244, 1660822418.1790788, 1660822419.2441144, 1660822420.3092484, 1660822421.3776002, 1660822422.4272096, 1660822426.1902943, 1660822427.2398221, 1660822428.3049636, 1660822429.3701236, 1660822430.4195383, 1660822431.4723358, 1660822432.5372822, 1660822433.5868275, 1660822434.6363697, 1660822435.7014384, 1660822439.4300964, 1660822440.4951546, 1660822441.5446954, 1660822442.609741, 1660822443.6749132, 1660822444.7400513, 1660822445.80512, 1660822446.8578794, 1660822447.9073968, 1660822448.972415, 1660822452.7806277, 1660822453.845678, 1660822454.9107497, 1660822455.9602132, 1660822457.040125, 1660822458.0896072, 1660822459.1548016, 1660822460.2219234, 1660822461.2715142, 1660822462.3472936, 1660822466.230375, 1660822467.357922, 1660822468.4855397, 1660822469.597534, 1660822470.7096167, 1660822471.8248143, 1660822472.9357834, 1660822474.047801, 1660822475.159859, 1660822476.2634377, 1660822480.086904, 1660822481.198871, 1660822482.3110483, 1660822483.467375, 1660822484.5950086, 1660822485.7069323, 1660822486.8039382, 1660822487.9159987, 1660822489.0280385, 1660822490.1400802, 1660822494.041135, 1660822495.1531003, 1660822496.2652109, 1660822497.3771946, 1660822498.4891849, 1660822499.6167052, 1660822500.7443056, 1660822501.8594139, 1660822502.971568, 1660822504.0835388, 1660822508.0174172, 1660822509.1449504, 1660822510.241393, 1660822511.353474, 1660822512.4811034, 1660822513.5933743, 1660822514.689768, 1660822515.8330462, 1660822516.9427474, 1660822518.0547981, 1660822521.8240674, 1660822522.9048545, 1660822523.977209, 1660822525.026736, 1660822526.0929554, 1660822527.1580768, 1660822528.2231514, 1660822529.2881527, 1660822530.3534908, 1660822531.4185061, 1660822535.1449585, 1660822536.2100549, 