{"initial_reset_timestamp": 1660821924.7326634, "timestamps": [1660821930.8122344, 1660821931.0777981, 1660821931.3433619, 1660821931.6089242, 1660821931.874487, 1660821932.1244287, 1660821932.3899918, 1660821932.6511, 1660821932.9166641, 1660821933.182226, 1660821938.0873342, 1660821938.3372765, 1660821938.6028397, 1660821938.8527813, 1660821939.1183453, 1660821939.3839076, 1660821939.6494713, 1660821939.915033, 1660821940.1649756, 1660821940.4305387, 1660821945.4471812, 1660821945.697124, 1660821945.9626873, 1660821946.2126284, 1660821946.4781911, 1660821946.7281337, 1660821946.9936988, 1660821947.2436392, 1660821947.509205, 1660821947.774765, 1660821962.590385, 1660821962.8559477, 1660821963.1215122, 1660821963.387076, 1660821963.6526372, 1660821963.9025788, 1660821964.2150073, 1660821964.4805698, 1660821964.7461343, 1660821965.0116987, 1660821965.2789843, 1660821980.0505815, 1660821980.397113, 1660821980.6499062, 1660821980.9184105, 1660821981.1713393, 1660821981.4242048, 1660821981.6945107, 1660821981.9473808, 1660821982.215926, 1660821982.4843607, 1660821997.3389003, 1660821997.6103034, 1660821997.8788826, 1660821998.1473615, 1660821998.4002054, 1660821998.6688092, 1660821998.9374774, 1660821999.2059062, 1660821999.4603689, 1660821999.7289293, 1660822014.537573, 1660822014.790456, 1660822015.0589674, 1660822015.3275778, 1660822015.5807703, 1660822015.849429, 1660822016.1180499, 1660822016.386492, 1660822016.6394694, 1660822016.970396, 1660822031.721158, 1660822031.9742236, 1660822032.2270834, 1660822032.464362, 1660822032.779755, 1660822033.0326667, 1660822033.2855806, 1660822033.5385299, 1660822033.7913435, 1660822034.044411, 1660822048.9425035, 1660822049.2110965, 1660822049.4797375, 1660822049.7326784, 1660822050.0013416, 1660822050.269838, 1660822050.543751, 1660822050.8123574, 1660822051.0807526, 1660822051.349325, 1660822066.2774684, 1660822066.5305438, 1660822066.799021, 1660822067.05193, 1660822067.3203986, 1660822067.588852, 1660822067.857354, 1660822068.1102188, 1660822068.37873, 1660822068.6472979, 1660822083.472312, 1660822083.7399168, 1660822084.008463, 1660822084.2614732, 1660822084.514429, 1660822084.767246, 1660822085.0357378, 1660822085.2885442, 1660822085.5498142, 1660822085.802818, 1660822100.681069, 1660822100.933856, 1660822101.2022836, 1660822101.455258, 1660822101.7918353, 1660822102.0447443, 1660822102.3132432, 1660822102.5817995, 1660822102.8473632, 1660822103.1154222, 1660822117.9694061, 1660822118.2379446, 1660822118.5063493, 1660822118.7634358, 1660822119.0162268, 1660822119.2846825, 1660822119.537495, 1660822119.8049467, 1660822120.0577252, 1660822120.3261378, 1660822135.2420142, 1660822135.5044405, 1660822135.7730045, 1660822136.0248559, 1660822136.2933035, 1660822136.546149, 1660822136.8164828, 1660822137.0692878, 1660822137.337749, 1660822137.5910292, 1660822152.524155, 1660822152.792705, 1660822153.0613022, 1660822153.3297598, 1660822153.5983646, 1660822153.8512015, 1660822154.1197302, 1660822154.3882442, 1660822154.6567526, 1660822154.925239, 1660822169.6548731, 1660822169.907793, 1660822170.1606045, 1660822170.4124866, 1660822170.6639028, 1660822170.9323206, 1660822171.1851425, 1660822171.437952, 1660822171.7535787, 1660822172.0063784, 1660822186.7068534, 1660822186.959741, 1660822187.2125719, 1660822187.465405, 1660822187.7339776, 1660822187.9867978, 1660822188.317705, 1660822188.5706227, 1660822188.823473, 1660822189.0763168, 1660822203.7265067, 1660822203.9793148, 1660822204.2945824, 1660822204.547498, 1660822204.7847812, 1660822205.021974, 1660822205.2748485, 1660822205.5276718, 1660822205.7741652, 1660822206.027001, 1660822220.832228, 1660822221.0851264, 1660822221.3379893, 1660822221.6067612, 1660822221.8597367, 1660822222.1126323, 1660822222.381025, 1660822222.6339755, 1660822222.8868718, 1660822223.1553102, 1660822237.7449865, 1660822238.0134742, 1660822238.2663162, 1660822238.5191345, 1660822238.7719429, 1660822239.0247884, 1660822239.277643, 1660822239.530432, 1660822239.7832692, 1660822240.036136, 1660822254.186285, 1660822254.4234812, 1660822254.69209, 1660822254.929666, 1660822255.182431, 1660822255.4358337, 1660822255.7043333, 1660822255.9572818, 1660822256.210138, 1660822256.4632995, 1660822270.66992, 1660822270.9134414, 1660822271.150732, 1660822271.3879528, 1660822271.6408405, 1660822271.862443, 1660822272.11539, 1660822272.3526726, 1660822272.58991, 1660822272.8271713, 1660822287.0362945, 1660822287.289476, 1660822287.5424473, 1660822287.7954037, 1660822288.0481935, 1660822288.3010051, 1660822288.5538495, 1660822288.8067422, 1660822289.153339, 1660822289.4062488, 1660822303.4462042, 1660822303.6834588, 1660822303.9206538, 1660822304.1579506, 1660822304.3952155, 1660822304.632405, 1660822304.8529813, 1660822305.1526995, 1660822305.3900454, 1660822305.6262946, 1660822317.1546886, 1660822317.3605754, 1660822317.5509512, 1660822317.8037875, 1660822318.0097044, 1660822318.199986, 1660822318.4059427, 1660822318.596174, 1660822318.8020554, 1660822318.9922647, 1660822330.3231294, 1660822330.5759623, 1660822330.7692907, 1660822330.97516, 1660822331.1810331, 1660822331.3713205, 1660822331.5743983, 1660822331.7674701, 1660822331.9734368, 1660822332.176514, 1660822343.6448026, 1660822343.8507442, 1660822344.0566761, 1660822344.2625582, 1660822344.4812589, 1660822344.6715446, 1660822344.8958967, 1660822345.1017647, 1660822345.3076677, 1660822345.5135307, 1660822356.9322426, 1660822357.125312, 1660822357.3440094, 1660822357.5370927, 1660822357.742946, 1660822357.94604, 1660822358.1703703, 1660822358.376618, 1660822358.5825055, 1660822358.7884212, 1660822370.1880014, 1660822370.378265, 1660822370.5813444, 1660822370.7743955, 1660822370.9802735, 1660822371.1706352, 1660822371.376562, 1660822371.58273, 1660822371.7886376, 1660822371.991717, 1660822383.331057, 1660822383.615144, 1660822383.8210447, 1660822384.027432, 1660822384.2489786, 1660822384.4548917, 1660822384.6607583, 1660822384.8666174, 1660822385.0724792, 1660822385.278388, 1660822396.751003, 1660822396.941338, 1660822397.147257, 1660822397.3531811, 1660822397.5595458, 1660822397.7654462, 1660822397.9557216, 1660822398.1615927, 1660822398.3646722, 1660822398.57057, 1660822410.135911, 1660822410.334405, 1660822410.5403428, 1660822410.7434204, 1660822410.949343, 1660822411.157656, 1660822411.3664382, 1660822411.569517, 1660822411.775379, 1660822411.9812522, 1660822423.425781, 1660822423.6317246, 1660822423.8219297, 1660822424.043607, 1660822424.2495215, 1660822424.4397922, 1660822424.6457682, 1660822424.851652, 1660822425.0575259, 1660822425.2634614, 1660822436.716896, 1660822436.907113, 1660822437.1102486, 1660822437.3033779, 1660822437.5064542, 1660822437.7160478, 1660822437.9063196, 1660822438.1120977, 1660822438.3024669, 1660822438.5055413, 1660822449.9587078, 1660822450.1645586, 1660822450.3860736, 1660822450.591971, 1660822450.7981498, 1660822451.0168505, 1660822451.2255297, 1660822451.4314802, 1660822451.653008, 1660822451.8717065, 1660822463.2519743, 1660822463.5545127, 1660822463.7730877, 1660822463.9947248, 1660822464.2006354, 1660822464.4222414, 1660822464.6280878, 1660822464.8496397, 1660822465.0556188, 1660822465.2771902, 1660822477.1996279, 1660822477.4084868, 1660822477.6115644, 1660822477.8984458, 1660822478.1043205, 1660822478.3101802, 1660822478.5161521, 1660822478.7220745, 1660822478.9280849, 1660822479.1340008, 1660822491.0786335, 1660822491.3002505, 1660822491.5843441, 1660822491.7873633, 1660822492.0117042, 1660822492.2176778, 1660822492.423665, 1660822492.645166, 1660822492.8510356, 1660822493.0726066, 1660822505.022736, 1660822505.2442675, 1660822505.5283096, 1660822505.7499511, 1660822505.9714208, 1660822506.1929357, 1660822506.4144948, 1660822506.6214342, 1660822506.8428988, 1660822507.0644534, 1660822518.9880173, 1660822519.1968875, 1660822519.4027286, 1660822519.69708, 1660822519.8884792, 1660822520.0944617, 1660822520.297536, 1660822520.4906962, 1660822520.6937728, 1660822520.9025283, 1660822532.3389988, 