{"initial_reset_timestamp": 25481.188439561, "timestamps": [25482.20565016, 25482.407524972, 25482.732609355, 25483.005052262, 25483.291820351, 25483.652475294, 25485.559962906, 25485.824820586, 25486.208255799, 25486.479824547, 25486.779014532, 25487.045516081, 25487.326002652, 25490.495340004, 25492.871655059, 25495.283769842, 25497.575622905, 25499.936339817, 25502.366630496, 25504.734952244, 25508.615039202, 25510.980008617, 25513.367704831, 25515.814324829, 25518.203203916, 25520.620966291, 25524.453722797, 25526.902882216, 25529.302644305, 25531.732976814, 25534.149476862, 25536.516935101, 25538.869488491, 25542.649167731], "episode_lengths": [150, 150, 150, 150, 150, 150, 150, 150, 150, 150, 150, 150, 150, 150, 150, 150, 150, 150, 150, 150, 150, 150, 150, 150, 150, 150, 150, 150, 150, 150, 150, 150, 150, 150], "episode_rewards": [-150.0, -150.0, -150.0, -150.0, -150.0, -150.0, -150.0, -150.0, -150.0, -150.0, -150.0, -150.0, -150.0, -150.0, -150.0, -150.0, -150.0, -150.0, -150.0, -150.0, -150.0, -150.0, -150.0, -150.0, -150.0, -150.0, -150.0, -150.0, -150.0, -150.0, -150.0, -150.0, -150.0, -150.0], "episode_types": ["t", "t", "t", "t", "t", "t", "t", "t", "t", "t", "t", "t", "t", "t", "t", "t", "t", "t", "t", "t", "t", "t", "t", "t", "t", "t", "t", "t", "t", "t", "t", "t", "t", "t", "t"]}