{"initial_reset_timestamp": 25481.305539704, "timestamps": [25481.431583282, 25481.540136885, 25481.660821784, 25481.767247168, 25481.890194327, 25482.040434397, 25482.177629691, 25484.741982699, 25484.859378526, 25484.978394006, 25485.100488718, 25485.234234984, 25485.368129042, 25485.493283207, 25488.279607833, 25488.384709598, 25488.485392744, 25488.587703497, 25488.757699571, 25488.861408075, 25488.964877362, 25505.670082859, 25505.771611529, 25505.872631168, 25505.975225944, 25506.077183454, 25506.176446967, 25506.278438251, 25523.125182287, 25523.226021501, 25523.327916882, 25523.429798927, 25523.52933405, 25523.63227632, 25523.735046772, 25540.529340688, 25540.633135868, 25540.735724342, 25540.836983418, 25540.944236803, 25541.048464869, 25541.148083291], "episode_lengths": [150, 150, 150, 150, 150, 150, 150, 150, 150, 150, 150, 150, 150, 150, 150, 150, 150, 150, 150, 150, 150, 150, 150, 150, 150, 150, 150, 150, 150, 150, 150, 150, 150, 150, 150, 150, 150, 150, 150, 150, 150, 150], "episode_rewards": [-150.0, -150.0, -150.0, -150.0, -150.0, -150.0, -150.0, -150.0, -150.0, -150.0, -150.0, -150.0, -150.0, -150.0, -150.0, -150.0, -150.0, -150.0, -150.0, -150.0, -150.0, -150.0, -150.0, -150.0, -150.0, -150.0, -150.0, -150.0, -150.0, -150.0, -150.0, -150.0, -150.0, -150.0, -150.0, -150.0, -150.0, -150.0, -150.0, -150.0, -150.0, -150.0], "episode_types": ["t", "t", "t", "t", "t", "t", "t", "t", "t", "t", "t", "t", "t", "t", "t", "t", "t", "t", "t", "t", "t", "t", "t", "t", "t", "t", "t", "t", "t", "t", "t", "t", "t", "t", "t", "t", "t", "t", "t", "t", "t", "t"]}