{"initial_reset_timestamp": 27091.880049196, "timestamps": [27091.992337797, 27092.105828155, 27092.215797517, 27092.326313402, 27092.44559929, 27092.553559454, 27092.663485077, 27095.350184694, 27095.45789986, 27095.562236734, 27095.683731199, 27095.805062122, 27095.918540687, 27096.042334769, 27098.939394746, 27099.04173194, 27099.147160189, 27099.248566936, 27099.415670355, 27099.519716393, 27099.622970223, 27118.130653018, 27118.23480564, 27118.337906583, 27118.441700229, 27118.545193192, 27118.648546798, 27118.752625348, 27137.106351679, 27137.210007773, 27137.314590476, 27137.418405063, 27137.522581049, 27137.6254242, 27137.730225461], "episode_lengths": [150, 150, 150, 150, 150, 150, 150, 150, 150, 150, 150, 150, 150, 150, 150, 150, 150, 150, 150, 150, 150, 150, 150, 150, 150, 150, 150, 150, 150, 150, 150, 150, 150, 150, 150], "episode_rewards": [-150.0, -150.0, -150.0, -150.0, -150.0, -150.0, -150.0, -150.0, -150.0, -150.0, -150.0, -150.0, -150.0, -150.0, -150.0, -150.0, -150.0, -150.0, -150.0, -150.0, -150.0, -150.0, -150.0, -150.0, -150.0, -150.0, -150.0, -150.0, -150.0, -150.0, -150.0, -150.0, -150.0, -150.0, -150.0], "episode_types": ["t", "t", "t", "t", "t", "t", "t", "t", "t", "t", "t", "t", "t", "t", "t", "t", "t", "t", "t", "t", "t", "t", "t", "t", "t", "t", "t", "t", "t", "t", "t", "t", "t", "t", "t"]}