{"initial_reset_timestamp": 27091.778209431, "timestamps": [27092.724854609, 27092.933911529, 27093.280135378, 27093.615702944, 27093.919249229, 27094.321067705, 27096.12119622, 27096.413951685, 27096.808762135, 27097.140727741, 27097.448324253, 27097.777904913, 27098.054147678, 27101.310530308, 27103.967796391, 27106.687639938, 27109.324098609, 27111.942679513, 27114.581309191, 27117.19792952, 27121.337540471, 27123.958748092, 27126.566559887, 27129.204379958, 27131.878218405, 27134.522996386, 27138.540789013], "episode_lengths": [150, 150, 150, 150, 150, 150, 150, 150, 150, 150, 150, 150, 150, 150, 150, 150, 150, 150, 150, 150, 150, 150, 150, 150, 150, 150, 150], "episode_rewards": [-150.0, -150.0, -150.0, -150.0, -150.0, -150.0, -150.0, -150.0, -150.0, -150.0, -150.0, -150.0, -150.0, -150.0, -150.0, -150.0, -150.0, -150.0, -150.0, -150.0, -150.0, -150.0, -150.0, -150.0, -150.0, -150.0, -150.0], "episode_types": ["t", "t", "t", "t", "t", "t", "t", "t", "t", "t", "t", "t", "t", "t", "t", "t", "t", "t", "t", "t", "t", "t", "t", "t", "t", "t", "t", "t"]}