{"initial_reset_timestamp": 27366.063295893, "timestamps": [27367.876384599, 27368.066037296, 27368.397174861, 27368.695501436, 27368.98689816, 27369.329298142, 27372.05225238, 27372.297345429, 27372.636977729, 27372.876082981, 27373.115031744, 27373.353230756, 27373.597988495], "episode_lengths": [150, 150, 150, 150, 150, 150, 150, 150, 150, 150, 150, 150, 150], "episode_rewards": [-150.0, -150.0, -150.0, -150.0, -150.0, -150.0, -150.0, -150.0, -150.0, -150.0, -150.0, -150.0, -150.0], "episode_types": ["t", "t", "t", "t", "t", "t", "t", "t", "t", "t", "t", "t", "t", "t"]}