{"initial_reset_timestamp": 27366.162931107, "timestamps": [27366.408178327, 27366.64556164, 27366.873195803, 27367.113765221, 27367.353436795, 27367.610391871, 27367.851347006, 27370.450732959, 27370.707278592, 27370.947178984, 27371.201764684, 27371.45601314, 27371.721827626, 27371.978321922, 27374.602584068, 27374.815330355, 27375.054050572, 27375.267845531, 27375.546359444, 27375.757653998, 27375.96758666], "episode_lengths": [150, 150, 150, 150, 150, 150, 150, 150, 150, 150, 150, 150, 150, 150, 150, 150, 150, 150, 150, 150, 150], "episode_rewards": [-150.0, -150.0, -150.0, -150.0, -150.0, -150.0, -150.0, -150.0, -150.0, -150.0, -150.0, -150.0, -150.0, -150.0, -150.0, -150.0, -150.0, -150.0, -150.0, -150.0, -150.0], "episode_types": ["t", "t", "t", "t", "t", "t", "t", "t", "t", "t", "t", "t", "t", "t", "t", "t", "t", "t", "t", "t", "t"]}