{"initial_reset_timestamp": 26761.26463385, "timestamps": [26761.41132428, 26761.558819196, 26761.768610122, 26761.98424717, 26762.25009419, 26762.419956433, 26762.5758075, 26762.727950904, 26762.884886937, 26763.051967407, 26766.552534811, 26766.738488484, 26766.907078782, 26767.10701418, 26767.25142748, 26767.406883262, 26767.634124814, 26767.774669786, 26767.914295261, 26768.05269184, 26771.343491145, 26771.483668925, 26771.626318787, 26771.765016841, 26771.906229849, 26772.046851647, 26772.185773088, 26772.324457606, 26772.560286802, 26772.701653513, 26790.573720251, 26790.802906889, 26790.943782762, 26791.132549758, 26791.276799707, 26791.41717239, 26791.559247664, 26791.698648881, 26791.837697695, 26792.070590562, 26809.660224162, 26809.800048858, 26809.940074047, 26810.167775438, 26810.308949902, 26810.450589504, 26810.590956777, 26810.731156609, 26810.870476681, 26811.01224039, 26828.768981657, 26828.912366563, 26829.052606942, 26829.19187734, 26829.335448562, 26829.560381244, 26829.700893353, 26829.841284441, 26829.982850934, 26830.123364616, 26848.014056699, 26848.168467084, 26848.311897126, 26848.454021414, 26848.593949858, 26848.807965339, 26849.090368821, 26849.242171124, 26849.48163396, 26849.67220931, 26867.978411309, 26868.134574842, 26868.278532382, 26868.430678923, 26868.570392577, 26868.722261798, 26868.870323357, 26869.017938072, 26869.280455071, 26869.427022525, 26888.220100531, 26888.358953781, 26888.590835506, 26888.732181558, 26888.87199369, 26889.013310476, 26889.153587095, 26889.309974245, 26889.466675626, 26889.615299428, 26907.988416306, 26908.134641767, 26908.284721951, 26908.528737642, 26908.675293414, 26908.814209595, 26908.954839389, 26909.097983705, 26909.24294386, 26909.405587019, 26927.662927668, 26927.823188543, 26927.961298594, 26928.10457393, 26928.242568671, 26928.472227321, 26928.615721796, 26928.767521624, 26928.907654359, 26929.055980316, 26947.039867608, 26947.183935844, 26947.324769066, 26947.471333261, 26947.620351666, 26947.757326048, 26947.896945472, 26948.134625112, 26948.282994388, 26948.441568505, 26966.280888191, 26966.424852885, 26966.575326746, 26966.721377508, 26966.864819123, 26967.00834065, 26967.171059609, 26967.325377558, 26967.465626414, 26967.712457873, 26985.584049203, 26985.744155808, 26986.023413942, 26986.177238188, 26986.321028038, 26986.467666547, 26986.608764475, 26986.747014233, 26986.884648235, 26987.02111647, 27004.985120089, 27005.129176347, 27005.271483094, 27005.41397561, 27005.658158747, 27005.805274032, 27005.952579556, 27006.107126803, 27006.262845362, 27006.405262399, 27024.886194964, 27025.026819217, 27025.162856028, 27025.302845649, 27025.44304464, 27025.58679257, 27025.820279997, 27025.963426753, 27026.099384333, 27026.248205783, 27045.172115297, 27045.309908683, 27045.450670128, 27045.589247963, 27045.731307006, 27045.870632463, 27046.009921196, 27046.241401204, 27046.380631815, 27046.533382736, 27064.950399843, 27065.203314431, 27065.366699287, 27065.529588797, 27065.692424734, 27065.848360116, 27066.003986539, 27066.156889094, 27066.319282897, 27066.587308978], "episode_lengths": [100, 100, 100, 100, 100, 100, 100, 100, 100, 100, 100, 100, 100, 100, 100, 100, 100, 100, 100, 100, 100, 100, 100, 100, 100, 100, 100, 100, 100, 100, 100, 100, 100, 100, 100, 100, 100, 100, 100, 100, 100, 100, 100, 100, 100, 100, 100, 100, 100, 100, 100, 100, 100, 100, 100, 100, 100, 100, 100, 100, 100, 100, 100, 100, 100, 100, 100, 100, 100, 100, 100, 100, 100, 100, 100, 100, 100, 100, 100, 100, 100, 100, 100, 100, 100, 100, 100, 100, 100, 100, 100, 100, 100, 100, 100, 100, 100, 100, 100, 100, 100, 100, 100, 100, 100, 100, 100, 100, 100, 100, 100, 100, 100, 100, 100, 100, 100, 100, 100, 100, 100, 100, 100, 100, 100, 100, 100, 100, 100, 100, 100, 100, 100, 100, 100, 100, 100, 100, 100, 100, 100, 100, 100, 100, 100, 100, 100, 100, 100, 100, 100, 100, 100, 100, 100, 100, 100, 100, 100, 100, 100, 100, 100, 100, 100, 100, 100, 100, 100, 100, 100, 100, 100, 100, 100, 100, 100, 100, 100, 100], "episode_rewards": [-100.0, -100.0, -100.0, -100.0, -100.0, -100.0, -100.0, -100.0, -100.0, -100.0, -100.0, -100.0, -100.0, -100.0, -100.0, -100.0, -100.0, -100.0, -100.0, -100.0, -100.0, -100.0, -100.0, -100.0, -100.0, -100.0, -100.0, -100.0, -100.0, -100.0, -100.0, -100.0, -100.0, -100.0, -100.0, -100.0, -100.0, -100.0, -100.0, -100.0, -100.0, -100.0, -100.0, -100.0, -100.0, -100.0, -100.0, -100.0, -100.0, -100.0, -100.0, -100.0, -100.0, -100.0, -100.0, -100.0, -100.0, -100.0, -100.0, -100.0, -100.0, -100.0, -100.0, -100.0, -100.0, -100.0, -100.0, -100.0, -100.0, -100.0, -100.0, -100.0, -100.0, -100.0, -100.0, -100.0, -100.0, -100.0, -100.0, -100.0, -100.0, -100.0, -100.0, -100.0, -100.0, -100.0, -100.0, -100.0, -100.0, -100.0, -100.0, -100.0, -100.0, -100.0, -100.0, -100.0, -100.0, -100.0, -100.0, -100.0, -100.0, -100.0, -100.0, -100.0, -100.0, -100.0, -100.0, -100.0, -100.0, -100.0, -100.0, -100.0, -100.0, -100.0, -100.0, -100.0, -100.0, -100.0, -100.0, -100.0, -100.0, -100.0, -100.0, -100.0, -100.0, -100.0, -100.0, -100.0, -100.0, -100.0, -100.0, -100.0, -100.0, -100.0, -100.0, -100.0, -100.0, -100.0, -100.0, -100.0, -100.0, -100.0, -100.0, -100.0, -100.0, -100.0, -100.0, -100.0, -100.0, -100.0, -100.0, -100.0, -100.0, -100.0, -100.0, -100.0, -100.0, -100.0, -100.0, -100.0, -100.0, -100.0, -100.0, -100.0, -100.0, -100.0, -100.0, -100.0, -100.0, -100.0, -100.0, -100.0, -100.0, -100.0, -100.0, -100.0, -100.0, -100.0, -100.0, -100.0], "episode_types": ["t", "t", "t", "t", "t", "t", "t", "t", "t", "t", "t", "t", "t", "t", "t", "t", "t", "t", "t", "t", "t", "t", "t", "t", "t", "t", "t", "t", "t", "t", "t", "t", "t", "t", "t", "t", "t", "t", "t", "t", "t", "t", "t", "t", "t", "t", "t", "t", "t", "t", "t", "t", "t", "t", "t", "t", "t", "t", "t", "t", "t", "t", "t", "t", "t", "t", "t", "t", "t", "t", "t", "t", "t", "t", "t", "t", "t", "t", "t", "t", "t", "t", "t", "t", "t", "t", "t", "t", "t", "t", "t", "t", "t", "t", "t", "t", "t", "t", "t", "t", "t", "t", "t", "t", "t", "t", "t", "t", "t", "t", "t", "t", "t", "t", "t", "t", "t", "t", "t", "t", "t", "t", "t", "t", "t", "t", "t", "t", "t", "t", "t", "t", "t", "t", "t", "t", "t", "t", "t", "t", "t", "t", "t", "t", "t", "t", "t", "t", "t", "t", "t", "t", "t", "t", "t", "t", "t", "t", "t", "t", "t", "t", "t", "t", "t", "t", "t", "t", "t", "t", "t", "t", "t", "t", "t", "t", "t", "t", "t", "t"]}