{"initial_reset_timestamp": 26761.124082206, "timestamps": [26763.070605175, 26763.209945216, 26763.420686618, 26763.750331717, 26764.139947536, 26764.387751422, 26764.640496867, 26764.92887934, 26765.193363476, 26765.450310727, 26768.175010739, 26768.41361249, 26768.645269286, 26768.874282432, 26769.105498316, 26769.426877272, 26769.661254032, 26769.894918202, 26770.126381098, 26770.354204261, 26774.248324012, 26775.940814177, 26777.647264357, 26779.362476782, 26781.063613263, 26782.792899359, 26784.457168242, 26786.243137223, 26787.914579728, 26789.637403521, 26793.665138167, 26795.350378455, 26797.030201847, 26798.678066699, 26800.380679819, 26802.047124358, 26803.659840214, 26805.315608681, 26807.011326993, 26808.73889073, 26812.531246671, 26814.181538447, 26815.891256118, 26817.61769701, 26819.324178218, 26820.971254664, 26822.677276586, 26824.367592148, 26826.054531747, 26827.749984036, 26831.67242475, 26833.349568423, 26834.993826556, 26836.660010176, 26838.494460026, 26840.100320869, 26841.795648234, 26843.503307813, 26845.237747042, 26846.944636831, 26851.260342884, 26852.907462151, 26854.635460939, 26856.321349115, 26858.229571069, 26860.034741936, 26861.816972065, 26863.465094689, 26865.21114726, 26866.937097925, 26870.98035033, 26872.702372842, 26874.502534171, 26876.433076518, 26878.342737972, 26880.193741008, 26882.018009792, 26883.725782407, 26885.542492344, 26887.261610389, 26891.084347639, 26892.88936928, 26894.664684192, 26896.493707516, 26898.161664234, 26899.912410619, 26901.584461135, 26903.274848144, 26905.055371343, 26906.936461721, 26911.0410328, 26912.768276575, 26914.439856207, 26916.280386165, 26917.943193036, 26919.584805749, 26921.320955421, 26923.059821946, 26924.807860178, 26926.60249959, 26930.699100731, 26932.372842648, 26934.105541873, 26935.779045745, 26937.546364684, 26939.276413968, 26940.944384982, 26942.622350025, 26944.260218663, 26946.027011748, 26949.990520062, 26951.762407437, 26953.359575296, 26955.039403187, 26956.775479543, 26958.456327742, 26960.222970469, 26961.84634783, 26963.562851652, 26965.227078514, 26969.223983616, 26971.007146136, 26972.729458552, 26974.406438218, 26976.094302298, 26977.782999384, 26979.407871203, 26981.07972551, 26982.900897439, 26984.648452228, 26988.534789865, 26990.376477629, 26992.105408727, 26993.811669976, 26995.427422347, 26997.117859566, 26998.887157486, 27000.581478689, 27002.330807076, 27003.957423733, 27008.044262979, 27009.764841504, 27011.541218735, 27013.327366471, 27015.10125827, 27016.816834721, 27018.599621894, 27020.282463632, 27022.106453472, 27023.836920364, 27027.826751364, 27029.549968318, 27031.201964279, 27033.07587475, 27034.86114181, 27036.726024115, 27038.786065045, 27040.73190445, 27042.472432312, 27044.171031331, 27048.043513554, 27049.686660635, 27051.364052152, 27053.122966207, 27054.851076688, 27056.529977018, 27058.24084755, 27060.014391519, 27061.757892746, 27063.950955889, 27068.402359345, 27070.407772315, 27072.427289524, 27074.177147152, 27075.851218202, 27077.651121332, 27079.445496009], "episode_lengths": [100, 100, 100, 100, 100, 100, 100, 100, 100, 100, 100, 100, 100, 100, 100, 100, 100, 100, 100, 100, 100, 100, 100, 100, 100, 100, 100, 100, 100, 100, 100, 100, 100, 100, 100, 100, 100, 100, 100, 100, 100, 100, 100, 100, 100, 100, 100, 100, 100, 100, 100, 100, 100, 100, 100, 100, 100, 100, 100, 100, 100, 100, 100, 100, 100, 100, 100, 100, 100, 100, 100, 100, 100, 100, 100, 100, 100, 100, 100, 100, 100, 100, 100, 100, 100, 100, 100, 100, 100, 100, 100, 100, 100, 100, 100, 100, 100, 100, 100, 100, 100, 100, 100, 100, 100, 100, 100, 100, 100, 100, 100, 100, 100, 100, 100, 100, 100, 100, 100, 100, 100, 100, 100, 100, 100, 100, 100, 100, 100, 100, 100, 100, 100, 100, 100, 100, 100, 100, 100, 100, 100, 100, 100, 100, 100, 100, 100, 100, 100, 100, 100, 100, 100, 100, 100, 100, 100, 100, 100, 100, 100, 100, 100, 100, 100, 100, 100, 100, 100, 100, 100, 100, 100, 100, 100, 100, 100], "episode_rewards": [-100.0, -100.0, -100.0, -100.0, -100.0, -100.0, -100.0, -100.0, -100.0, -100.0, -100.0, -100.0, -100.0, -100.0, -100.0, -100.0, -100.0, -100.0, -100.0, -100.0, -100.0, -100.0, -100.0, -100.0, -100.0, -100.0, -100.0, -100.0, -100.0, -100.0, -100.0, -100.0, -100.0, -100.0, -100.0, -100.0, -100.0, -100.0, -100.0, -100.0, -100.0, -100.0, -100.0, -100.0, -100.0, -100.0, -100.0, -100.0, -100.0, -100.0, -100.0, -100.0, -100.0, -100.0, -100.0, -100.0, -100.0, -100.0, -100.0, -100.0, -100.0, -100.0, -100.0, -100.0, -100.0, -100.0, -100.0, -100.0, -100.0, -100.0, -100.0, -100.0, -100.0, -100.0, -100.0, -100.0, -100.0, -100.0, -100.0, -100.0, -100.0, -100.0, -100.0, -100.0, -100.0, -100.0, -100.0, -100.0, -100.0, -100.0, -100.0, -100.0, -100.0, -100.0, -100.0, -100.0, -100.0, -100.0, -100.0, -100.0, -100.0, -100.0, -100.0, -100.0, -100.0, -100.0, -100.0, -100.0, -100.0, -100.0, -100.0, -100.0, -100.0, -100.0, -100.0, -100.0, -100.0, -100.0, -100.0, -100.0, -100.0, -100.0, -100.0, -100.0, -100.0, -100.0, -100.0, -100.0, -100.0, -100.0, -100.0, -100.0, -100.0, -100.0, -100.0, -100.0, -100.0, -100.0, -100.0, -100.0, -100.0, -100.0, -100.0, -100.0, -100.0, -100.0, -100.0, -100.0, -100.0, -100.0, -100.0, -100.0, -100.0, -100.0, -100.0, -100.0, -100.0, -100.0, -100.0, -100.0, -100.0, -100.0, -100.0, -100.0, -100.0, -100.0, -100.0, -100.0, -100.0, -100.0, -100.0, -100.0, -100.0, -100.0, -100.0, -100.0, -100.0], "episode_types": ["t", "t", "t", "t", "t", "t", "t", "t", "t", "t", "t", "t", "t", "t", "t", "t", "t", "t", "t", "t", "t", "t", "t", "t", "t", "t", "t", "t", "t", "t", "t", "t", "t", "t", "t", "t", "t", "t", "t", "t", "t", "t", "t", "t", "t", "t", "t", "t", "t", "t", "t", "t", "t", "t", "t", "t", "t", "t", "t", "t", "t", "t", "t", "t", "t", "t", "t", "t", "t", "t", "t", "t", "t", "t", "t", "t", "t", "t", "t", "t", "t", "t", "t", "t", "t", "t", "t", "t", "t", "t", "t", "t", "t", "t", "t", "t", "t", "t", "t", "t", "t", "t", "t", "t", "t", "t", "t", "t", "t", "t", "t", "t", "t", "t", "t", "t", "t", "t", "t", "t", "t", "t", "t", "t", "t", "t", "t", "t", "t", "t", "t", "t", "t", "t", "t", "t", "t", "t", "t", "t", "t", "t", "t", "t", "t", "t", "t", "t", "t", "t", "t", "t", "t", "t", "t", "t", "t", "t", "t", "t", "t", "t", "t", "t", "t", "t", "t", "t", "t", "t", "t", "t", "t", "t", "t", "t", "t", "t"]}