{"initial_reset_timestamp": 1660813629.02093, "timestamps": [1660813635.045394, 1660813635.2998857, 1660813635.552742, 1660813635.821233, 1660813636.0741444, 1660813636.3426507, 1660813636.609277, 1660813636.864505, 1660813637.1330621, 1660813637.3860285, 1660813642.276518, 1660813642.529913, 1660813642.782802, 1660813643.051317, 1660813643.3043373, 1660813643.5731158, 1660813643.830504, 1660813644.0989707, 1660813644.367414, 1660813644.621113, 1660813649.6612878, 1660813649.913252, 1660813650.1717782, 1660813650.4403367, 1660813650.6931324, 1660813650.9616733, 1660813651.2146587, 1660813651.4830704, 1660813651.7359653, 1660813652.0045202, 1660813666.796475, 1660813667.0649698, 1660813667.3025799, 1660813667.5554805, 1660813667.8083212, 1660813668.0621052, 1660813668.377574, 1660813668.630618, 1660813668.8834772, 1660813669.1207213, 1660813683.974103, 1660813684.2269132, 1660813684.4642189, 1660813684.71749, 1660813684.9702907, 1660813685.2230594, 1660813685.4749753, 1660813685.7279215, 1660813685.980817, 1660813686.2337484, 1660813701.035734, 1660813701.3199744, 1660813701.5720496, 1660813701.8185108, 1660813702.0714314, 1660813702.3242786, 1660813702.5762355, 1660813702.829042, 1660813703.081857, 1660813703.3346672, 1660813718.020482, 1660813718.2889388, 1660813718.5417666, 1660813718.7789776, 1660813719.0318434, 1660813719.284672, 1660813719.5374506, 1660813719.7904325, 1660813720.0432985, 1660813720.3744214, 1660813734.9993508, 1660813735.2521045, 1660813735.536358, 1660813735.789157, 1660813736.1045578, 1660813736.35785, 1660813736.6107666, 1660813736.8636785, 1660813737.1165993, 1660813737.369463, 1660813752.0990648, 1660813752.3518825, 1660813752.5890555, 1660813752.8418586, 1660813753.0947204, 1660813753.3476315, 1660813753.6162188, 1660813753.8691454, 1660813754.1219969, 1660813754.3903956, 1660813769.3247135, 1660813769.577554, 1660813769.83042, 1660813770.083216, 1660813770.3346064, 1660813770.5718222, 1660813770.8246844, 1660813771.093199, 1660813771.3477187, 1660813771.5996199, 1660813786.7418485, 1660813786.9947965, 1660813787.2477307, 1660813787.500614, 1660813787.7539468, 1660813788.0225966, 1660813788.2756364, 1660813788.512879, 1660813788.765777, 1660813789.1123085, 1660813804.162466, 1660813804.4311054, 1660813804.6839874, 1660813804.9525392, 1660813805.2054832, 1660813805.5364363, 1660813805.7737057, 1660813806.0266838, 1660813806.279655, 1660813806.5325718, 1660813821.0966895, 1660813821.334088, 1660813821.6444948, 1660813821.8974748, 1660813822.1347737, 1660813822.3722389, 1660813822.6251395, 1660813822.862664, 1660813823.115584, 1660813823.3527777, 1660813838.01527, 1660813838.2680943, 1660813838.5053327, 1660813838.748666, 1660813838.9858317, 1660813839.2387116, 1660813839.4759476, 1660813839.713259, 1660813839.9660923, 1660813840.2035966, 1660813854.3668249, 1660813854.6040359, 1660813854.8412232, 1660813855.0930583, 1660813855.3303795, 1660813855.5676687, 1660813855.8048978, 1660813856.058056, 1660813856.3265193, 1660813856.5485737, 1660813870.6947713, 1660813870.9319837, 1660813871.1847785, 1660813871.4064481, 1660813871.6592305, 1660813871.8964422, 1660813872.133718, 1660813872.3710008, 1660813872.6863596, 1660813872.9236813, 1660813887.0863347, 1660813887.3235316, 1660813887.560824, 1660813887.8137467, 1660813888.0509253, 1660813888.3507845, 1660813888.588114, 1660813888.8252833, 1660813889.0624797, 1660813889.2996385, 1660813903.304022, 1660813903.6193104, 1660813903.8564832, 1660813904.093874, 1660813904.3310406, 1660813904.568227, 1660813904.821004, 1660813905.0426226, 1660813905.2954752, 1660813905.5221741, 1660813919.634704, 1660813919.871153, 1660813920.1240263, 1660813920.361263, 1660813920.598551, 1660813920.835722, 1660813921.0728993, 1660813921.3100595, 1660813921.5472493, 1660813921.784501, 1660813935.8711326, 1660813936.108364, 1660813936.3455749, 1660813936.5898015, 1660813936.8270795, 1660813937.0643365, 1660813937.3172567, 1660813937.5544982, 1660813937.7917964, 1660813938.029058, 1660813952.1853783, 1660813952.4383178, 1660813952.675575, 1660813952.9284568, 1660813953.1812723, 1660813953.4340925, 1660813953.6869814, 1660813953.9243317, 1660813954.177098, 1660813954.429981, 1660813968.9222403, 1660813969.1906853, 1660813969.443629, 1660813969.6812868, 1660813969.934144, 1660813970.1715782, 1660813970.4869192, 1660813970.7420352, 1660813970.9949222, 1660813971.2479398, 1660813985.6786542, 1660813985.9315567, 1660813986.1687326, 1660813986.5152566, 1660813986.7524393, 1660813987.0052712, 1660813987.2581182, 1660813987.4953694, 1660813987.7482646, 1660813987.9855525, 1660814002.4333305, 1660814002.686236, 1660814003.032779, 1660814003.2700036, 1660814003.522971, 1660814003.7686224, 1660814004.005817, 1660814004.2743535, 1660814004.5273101, 1660814004.7646413, 1660814019.2706425, 1660814019.5234995, 1660814019.7763615, 1660814020.0125787, 1660814020.2653883, 1660814020.5182989, 1660814020.755896, 1660814021.0087047, 1660814021.2459455, 1660814021.498839, 1660814036.0454936, 1660814036.2984047, 1660814036.5514815, 1660814036.804395, 1660814037.0417688, 1660814037.2945862, 1660814037.5474386, 1660814037.8003168, 1660814038.037555, 1660814038.2772899, 1660814052.9911578, 1660814053.2284386, 1660814053.4812608, 1660814053.7228887, 1660814053.9601045, 1660814054.2130492, 1660814054.4648638, 1660814054.7266796, 1660814054.966173, 1660814055.21896, 1660814070.0432723, 1660814070.2961984, 1660814070.5491054, 1660814070.8052626, 1660814071.0425072, 1660814071.295431, 1660814071.548255, 1660814071.801091, 1660814072.147902, 1660814072.4009564, 1660814087.2677479, 1660814087.5050406, 1660814087.7583156, 1660814088.011374, 1660814088.24859, 1660814088.485851, 1660814088.7231727, 1660814089.0541127, 1660814089.291296, 1660814089.5443182, 1660814104.461439, 1660814104.7142935, 1660814104.967124, 1660814105.2199407, 1660814105.4885018, 1660814105.8194547, 1660814106.0722647, 1660814106.3094308, 1660814106.562286, 1660814106.8151393, 1660814121.881611, 1660814122.1346588, 1660814122.3875484, 1660814122.6403506, 1660814122.9077563, 1660814123.238824, 1660814123.4918416, 1660814123.745114, 1660814123.998093, 1660814124.235439, 1660814139.2754977, 1660814139.528321, 1660814139.859306, 1660814140.1123786, 1660814140.365359, 1660814140.6026099, 1660814140.8554506, 1660814141.1083362, 1660814141.3612964, 1660814141.6141741, 1660814156.5086436, 1660814156.8551762, 1660814157.1084125, 1660814157.3614256, 1660814157.6298401, 1660814157.867038, 1660814158.1198459, 1660814158.3883188, 1660814158.6568117, 1660814158.909776, 1660814173.6728902, 1660814174.0039678, 1660814174.256833, 1660814174.5098314, 1660814174.7626536, 1660814175.0155654, 1660814175.2543523, 1660814175.5228426, 1660814175.775702, 1660814176.0180662, 1660814190.8512816, 1660814191.2291927, 1660814191.4976728, 1660814191.7506003, 1660814192.0034904, 1660814192.2720416, 1660814192.5404902, 1660814192.7934604, 1660814193.0463128, 1660814193.2834692, 1660814208.1317587, 1660814208.3847487, 1660814208.6375291, 1660814208.8747885, 1660814209.1276898, 1660814209.3805916, 1660814209.6490932, 1660814209.9019723, 1660814210.1549447, 1660814210.392185, 1660814225.2847323, 1660814225.553195, 1660814225.8061206, 1660814226.0624387, 1660814226.315293, 1660814226.5682507, 1660814226.8212466, 1660814227.0741265, 1660814227.3269765, 1660814227.5797896, 1660814242.3733673, 1660814242.7200663, 1660814242.9885485, 1660814243.2414472, 1660814243.5100095, 1660814243.7536628, 1660814244.0239131, 1660814244.2612455, 1660814244.51408, 1660814244.7669501, 1660814259.3215833, 1660814259.6838021, 1660814259.936759, 1660814260.1740115, 1660814260.4268162, 1660814260.6798923, 1660814260.9171255, 1660814261.1700547, 1660814261.43904, 1660814261.6918628, 1660814276.2484682, 1660814276.5171192, 1660814276.7699509, 1660814277.100991, 1660814277.338272, 1660814277.5910738, 1660814277.8272846, 1660814278.0802264, 1660814278.3486922, 1660814278.6015162, 1660814293.210887, 1660814293.463692, 