{"initial_reset_timestamp": 1660548972.4379296, "timestamps": [1660548972.8241537, 1660548973.035217, 1660548973.2299316, 1660548973.42369, 1660548973.635784, 1660548973.829105, 1660548974.029218, 1660548977.5064957, 1660548977.7078555, 1660548977.9116511, 1660548978.107202, 1660548978.3068316, 1660548978.5000536, 1660548978.7032328, 1660548982.4901376, 1660548982.6844218, 1660548982.8921022, 1660548983.085744, 1660548983.282342, 1660548983.6996858, 1660548983.9032505, 1660548995.218392, 1660548995.4137883, 1660548995.6189985, 1660548995.8160534, 1660548996.0160742, 1660548996.2086427, 1660548996.4073973, 1660549007.8970249, 1660549008.1129065, 1660549008.328729, 1660549008.544496, 1660549008.7629104, 1660549008.9724855, 1660549009.2068331, 1660549020.8311424, 1660549021.2663236, 1660549021.4977179, 1660549021.7182682, 1660549021.9360313, 1660549022.1553288, 1660549022.41371, 1660549034.0379603, 1660549034.2363665, 1660549034.4438856, 1660549034.650334, 1660549034.869022, 1660549035.082397, 1660549035.2925813, 1660549046.8962352, 1660549047.1046147, 1660549047.3227232, 1660549047.5298636, 1660549047.7335043, 1660549047.9606423, 1660549048.1716845, 1660549059.7875564, 1660549059.9982917, 1660549060.2177095, 1660549060.428777, 1660549060.6536157, 1660549060.8623145, 1660549061.070458, 1660549073.3396728, 1660549073.5391858, 1660549073.745694, 1660549073.937025, 1660549074.1356404, 1660549074.3265893, 1660549074.5357146, 1660549086.050857, 1660549086.263405, 1660549086.4636178, 1660549086.6858435, 1660549086.9009566, 1660549087.1120563, 1660549087.3190172, 1660549098.827059, 1660549099.0327518, 1660549099.2374878, 1660549099.4429045, 1660549099.6712172, 1660549099.869178, 1660549100.0915725, 1660549111.5437622, 1660549111.7483644, 1660549111.9579163, 1660549112.172813, 1660549112.3855247, 1660549112.6197174, 1660549112.8241622, 1660549124.250171, 1660549124.3907557, 1660549124.6067033, 1660549124.814692, 1660549125.2468452, 1660549125.4652836, 1660549125.6770053, 1660549125.888053, 1660549137.4375172, 1660549137.6486204, 1660549137.871525, 1660549138.0905063, 1660549138.296876, 1660549138.5004387, 1660549138.711773, 1660549150.2145786, 1660549150.4168177, 1660549150.6196342, 1660549150.831494, 1660549151.043849, 1660549151.244291, 1660549151.4501007, 1660549163.0779355, 1660549163.2902734, 1660549163.4530296, 1660549163.615761, 1660549163.7345586, 1660549163.9556675, 1660549164.12321, 1660549164.3049948, 1660549164.4994655, 1660549164.6339788, 1660549164.8519235, 1660549176.2994978, 1660549176.5236368, 1660549176.7498753, 1660549176.9765282, 1660549177.2044098, 1660549177.438792, 1660549177.6646152, 1660549189.4180083, 1660549189.757477, 1660549190.0817993, 1660549190.4151359, 1660549190.7580755, 1660549191.091049, 1660549191.3846157, 1660549203.062756, 1660549203.3041131, 1660549203.533531, 1660549203.7634325, 1660549203.9987664, 1660549204.2279136, 1660549204.4591055, 1660549215.9988883, 1660549216.2511477, 1660549216.4739966, 1660549216.7009687, 1660549216.9241204, 1660549217.15461, 1660549217.3831284, 1660549228.8602748, 1660549229.0847518, 1660549229.316703, 1660549229.542174, 1660549229.765689, 1660549229.9839544, 1660549230.2043433, 1660549241.7848654, 1660549242.0106122, 1660549242.2261887, 1660549242.4554522, 1660549242.681408, 1660549242.8935146, 1660549243.105794, 1660549254.5684524, 1660549254.7983584, 1660549255.0129547, 1660549255.2298646, 1660549255.4567432, 1660549255.6843297, 1660549255.8977573, 1660549267.3426003, 1660549267.5602202, 1660549267.7769656, 1660549268.0120902, 1660549268.2344978, 1660549268.4563344, 1660549268.6771863, 1660549280.2229826, 1660549280.4328256, 1660549280.6493983, 1660549280.8515449, 1660549281.0494742, 1660549281.2472517, 1660549281.43465, 1660549292.9471602, 1660549293.1570446, 1660549293.37173, 1660549293.5867727, 1660549293.79869, 1660549294.0093033, 1660549294.20912, 1660549305.6304848, 1660549305.8416417, 1660549306.047593, 1660549306.2507598, 1660549306.4555387, 1660549306.6600354, 1660549306.8621707, 1660549319.182647, 1660549319.3880033, 1660549319.6069665, 1660549319.8380525, 1660549320.0554035, 1660549320.2620294, 1660549320.4723384, 1660549332.1311607, 1660549332.3412962, 1660549332.541958, 1660549332.7506773, 1660549332.9547005, 1660549333.1817796, 1660549333.3985894, 1660549344.9894352, 1660549345.1982303, 1660549345.4096487, 1660549345.6171994, 1660549346.0254457, 1660549346.225961, 1660549346.347782, 1660549346.5730073, 1660549357.933059, 1660549358.135805, 1660549358.340907, 1660549358.5076003, 1660549358.6680515, 1660549358.8833337, 1660549359.0945728, 1660549359.2568774, 1660549370.8651443, 1660549371.0847144, 1660549371.2823613, 1660549371.4963598, 1660549371.7113707, 1660549371.9312348, 1660549372.1516821, 1660549383.87166, 1660549384.084981, 1660549384.3026483, 1660549384.510144, 1660549384.7188294, 1660549384.9248893, 1660549385.1244032, 1660549396.5289001, 1660549396.7550287, 1660549396.9677188, 1660549397.1871257, 1660549397.4123392, 1660549397.6328464, 1660549397.8505604, 1660549409.4204905, 1660549409.6486473, 1660549409.8709316, 1660549410.085421, 1660549410.2919288, 1660549410.5020897, 1660549410.7267272, 1660549422.396871, 1660549422.6331265, 1660549422.843198, 1660549423.0666597, 1660549423.2844467, 1660549423.4976695, 1660549423.7085688, 1660549435.8570414, 1660549436.060442, 1660549436.2742586, 1660549436.4860146, 1660549436.724827, 1660549436.9356725, 1660549437.1423542, 1660549448.700955, 1660549448.910807, 1660549449.1205616, 1660549449.3332875, 1660549449.544856, 1660549449.7500672, 1660549449.9560556, 1660549461.6872146, 1660549461.9129272, 1660549462.1269352, 1660549462.321958, 1660549462.5207734, 1660549462.7294302, 1660549462.928729, 1660549474.2687619, 1660549474.4732695, 1660549474.6764023, 1660549474.8901865, 1660549475.0924063, 1660549475.295499, 1660549475.4950297, 1660549487.006151, 1660549487.2110763, 1660549487.4089377, 1660549487.6106763, 1660549487.8099058, 1660549488.0129251, 1660549488.2304685, 1660549499.8794334, 1660549500.0775402, 1660549500.2094665, 1660549500.332116, 1660549500.554864, 1660549500.6637099, 1660549500.7963672, 1660549500.9332561, 1660549501.0486214, 1660549501.214735, 1660549501.386994, 1660549501.516188, 1660549512.8348062, 1660549513.0420597, 1660549513.1729505, 1660549513.3318756, 1660549513.4735017, 1660549513.6863003, 1660549513.8952756, 1660549514.0283508, 1660549514.1460638, 1660549514.3447556, 1660549514.4492104, 1660549514.669336, 1660549526.2326124, 1660549526.4341786, 1660549526.6401453, 1660549526.8583186, 1660549527.067202, 1660549527.2682233, 1660549527.467983, 1660549539.2018, 1660549539.4125578, 1660549539.6187878, 1660549539.821634, 1660549540.0258834, 1660549540.2319827, 1660549540.4324012, 1660549551.855502, 1660549552.0593624, 1660549552.2603364, 1660549552.465562, 1660549552.6646616, 1660549552.86865, 1660549553.0670137, 1660549565.3068392, 1660549565.5120916, 1660549565.7302785, 1660549565.930572, 1660549566.1403253, 1660549566.3415906, 1660549566.547359, 1660549578.295102, 1660549578.4924042, 1660549578.7108896, 1660549578.9227886, 1660549579.122873, 1660549579.3276603, 1660549579.533185, 1660549590.8797154, 1660549591.0940623, 1660549591.2691653, 1660549591.4786963, 1660549591.6195552, 1660549591.7816072, 1660549592.0130126, 1660549592.21711, 1660549592.360825],