{"initial_reset_timestamp": 1660549639.2603424, "timestamps": [1660549639.5731468, 1660549639.782181, 1660549639.982455, 1660549640.1975112, 1660549640.3948922, 1660549640.589678, 1660549640.798966, 1660549644.5752401, 1660549644.7718334, 1660549644.9740167, 1660549645.180555, 1660549645.4019518, 1660549645.5957084, 1660549645.795305, 1660549649.5670779, 1660549649.7589514, 1660549649.9639165, 1660549650.1571712, 1660549650.3595157, 1660549650.5516214, 1660549650.748451, 1660549662.195353, 1660549662.4126565, 1660549662.6116264, 1660549662.8085496, 1660549663.0026143, 1660549663.2920232, 1660549663.50792, 1660549675.266225, 1660549675.4765399, 1660549675.6724398, 1660549675.871142, 1660549676.0878613, 1660549676.2862098, 1660549676.49414, 1660549688.812975, 1660549689.0394785, 1660549689.2603588, 1660549689.4830964, 1660549689.714498, 1660549689.9428902, 1660549690.1732142, 1660549701.7629025, 1660549701.9979203, 1660549702.2241683, 1660549702.4448411, 1660549702.6677887, 1660549702.8951888, 1660549703.12633, 1660549714.8384676, 1660549715.0532293, 1660549715.2700863, 1660549715.475156, 1660549715.6891026, 1660549715.9020665, 1660549716.1193738, 1660549727.7047448, 1660549727.918289, 1660549728.14152, 1660549728.371373, 1660549728.5981066, 1660549728.8158276, 1660549729.032938, 1660549740.5033152, 1660549740.7300582, 1660549740.9528744, 1660549741.1727326, 1660549741.4005766, 1660549741.6337636, 1660549742.0753021, 1660549753.5612023, 1660549753.7799957, 1660549754.0077763, 1660549754.2318091, 1660549754.4523733, 1660549754.6686397, 1660549754.9001274, 1660549766.5267458, 1660549766.7459986, 1660549766.9711273, 1660549767.1966844, 1660549767.4245265, 1660549767.6474528, 1660549767.8712616, 1660549779.6946518, 1660549779.924203, 1660549780.1728935, 1660549780.4096293, 1660549780.6326818, 1660549780.857468, 1660549781.082444, 1660549792.6487105, 1660549792.8642805, 1660549793.079622, 1660549793.3039844, 1660549793.5289392, 1660549793.7476885, 1660549793.9691992, 1660549806.5944564, 1660549806.8238142, 1660549807.0532944, 1660549807.2736197, 1660549807.4980621, 1660549807.726824, 1660549807.9593034, 1660549819.6474276, 1660549819.8568711, 1660549820.0774658, 1660549820.295951, 1660549820.5157237, 1660549820.7254362, 1660549820.9300342, 1660549832.4771252, 1660549832.6915302, 1660549832.9047923, 1660549833.125028, 1660549833.3559203, 1660549833.5752995, 1660549833.7817528, 1660549845.324266, 1660549845.5516548, 1660549845.7603447, 1660549845.9727652, 1660549846.4160397, 1660549846.6386032, 1660549846.8470058, 1660549858.4091136, 1660549858.6479027, 1660549858.8778656, 1660549859.1023583, 1660549859.3260467, 1660549859.5497074, 1660549859.7792845, 1660549871.364769, 1660549871.5882118, 1660549871.8190718, 1660549872.0681107, 1660549872.2851355, 1660549872.5066133, 1660549872.7314615, 1660549884.4547088, 1660549884.6784973, 1660549884.8962233, 1660549885.1212687, 1660549885.3522, 1660549885.6058145, 1660549885.82795, 1660549897.1903472, 1660549897.3937676, 1660549897.6166644, 1660549897.8204148, 1660549898.0259652, 1660549898.2297618, 1660549898.4457512, 1660549909.957941, 1660549910.1707168, 1660549910.3715518, 1660549910.5769594, 1660549910.7893577, 1660549910.9921715, 1660549911.2016947, 1660549923.072496, 1660549923.3790445, 1660549923.695481, 1660549924.0021532, 1660549924.3169212, 1660549924.6279383, 1660549924.9314475, 1660549936.412952, 1660549936.6209931, 1660549936.8234808, 1660549937.0325866, 1660549937.2477536, 1660549937.4491613, 1660549937.658538, 1660549949.169652, 1660549949.3724034, 1660549949.6046584, 1660549949.8302255, 1660549950.0325723, 1660549950.2396052, 1660549950.3803072, 1660549950.5898325, 1660549962.2137482, 1660549962.4213138, 1660549962.585103, 1660549962.800988, 1660549963.0118873, 1660549963.2181103, 1660549963.433044, 1660549963.6481376, 1660549974.8591502, 1660549975.0854247, 1660549975.3168724, 1660549975.5528584, 1660549975.7831988, 1660549975.9255078, 1660549976.1472976, 1660549976.3839757, 1660549987.7812772, 1660549988.034808, 1660549988.269468, 1660549988.5019715, 1660549988.9471834, 1660549989.1767666, 1660549989.4062104, 1660550000.7788982, 1660550001.0098236, 1660550001.2381423, 1660550001.492953, 1660550001.71482, 1660550001.9516733, 1660550002.19537, 1660550013.6422222, 1660550013.8746865, 1660550014.1062055, 1660550014.334081, 1660550014.5621939, 1660550014.7991765, 1660550015.050959, 1660550026.4524443, 1660550026.9171355, 1660550027.1451201, 1660550027.3808243, 1660550027.5430756, 1660550027.7614372, 1660550027.992269, 1660550028.2188146, 1660550039.6155875, 1660550039.8561106, 1660550040.0896719, 1660550040.3110518, 1660550040.5437675, 1660550040.768869, 1660550040.9949806, 1660550053.0748851, 1660550053.2922914, 1660550053.5281067, 1660550053.7531362, 1660550053.9832015, 1660550054.2092967, 1660550054.448408, 1660550066.1425424, 1660550066.3678436, 1660550066.6010585, 1660550066.8205361, 1660550067.0467231, 1660550067.2645476, 1660550067.4858723, 1660550079.0170808, 1660550079.2413926, 1660550079.4655538, 1660550079.6884816, 1660550079.9181564, 1660550080.0903723, 1660550080.2591307, 1660550080.4759977, 1660550091.9360607, 1660550092.1469834, 1660550092.3387098, 1660550092.535907, 1660550092.7312977, 1660550092.9288898, 1660550093.1357257, 1660550104.8425333, 1660550105.037513, 1660550105.232763, 1660550105.4322233, 1660550105.632906, 1660550105.831081, 1660550106.0370529, 1660550117.3732197, 1660550117.5726082, 1660550117.8213062, 1660550118.037317, 1660550118.245753, 1660550118.4479349, 1660550118.655317, 1660550129.9764504, 1660550130.1872952, 1660550130.3873932, 1660550130.6053271, 1660550130.8247716, 1660550131.0574155, 1660550131.2681272, 1660550142.8772655, 1660550143.0987825, 1660550143.311226, 1660550143.5355394, 1660550143.7505584, 1660550143.9704683, 1660550144.203161, 1660550155.6943178, 1660550155.9071019, 1660550156.1197171, 1660550156.3388622, 1660550156.5446334, 1660550156.7584922, 1660550156.9648879, 1660550168.51413, 1660550168.7161388, 1660550168.927308, 1660550169.153317, 1660550169.3376405, 1660550169.5572658, 1660550169.7711966, 1660550182.334449, 1660550182.5232003, 1660550182.648889, 1660550182.8628764, 1660550183.084151, 1660550183.292896, 1660550183.4252477, 1660550183.6062784, 1660550183.757853, 1660550183.8874588, 1660550195.4211807, 1660550195.571677, 1660550195.6899252, 1660550195.8588526, 1660550196.0497925, 1660550196.2226467, 1660550196.361398, 1660550196.4853141, 1660550196.6865337, 1660550196.8483691, 1660550197.004368, 1660550197.1876369, 1660550208.5389595, 1660550208.663517, 1660550208.7959034, 1660550208.942918, 1660550209.047536, 1660550209.4020326, 1660550209.507628, 1660550209.6357553, 1660550209.744213, 1660550209.8669472, 1660550209.985893, 1660550210.1285753, 1660550210.2622375, 1660550210.3953521, 1660550210.5017035, 1660550210.621468, 1660550210.7344906, 1660550210.8417637, 1660550210.9718957, 1660550211.1126144, 1660550211.2420912, 1660550211.3624592, 1660550211.467638, 1660550211.586892, 1660550211.714214, 1660550211.850797, 1660550223.5052729, 1660550223.628644, 1660550223.7479427, 1660550223.865821, 1660550223.9974773, 1660550224.1226635, 1660550224.2293146, 1660550224.3545332, 1660550224.4634109, 1660550224.6078107, 1660550224.7398891, 1660550224.8609138, 1660550224.978458, 1660550225.1076434, 1660550225.2389796, 1660550225.3615386, 1660550225.4881053, 1660550225.6081982, 1660550225.7105722, 1660550225.8398135, 1660550225.9622893, 1660550226.089705, 1660550226.2038562, 1660550226.3274083, 1660550226.441317, 1660550226.56735, 1660550226.691842, 1660550226.8182657, 1660550226.9345543, 1660550238.653701, 1660550238.7974412, 1660550238.9115057, 1660550239.0547454, 1660550239.1789076, 1660550239.299393, 1660550239.4401374, 1660550239.5556624, 1660550239.6727176, 1660550239.7940252, 1660550239.9058032, 1660550240.0299952, 1660550240.1575818, 1660550240.2743762, 1660550240.4151697, 1660550240.5392053, 1660550240.666921, 1660550240.785036, 1660550240.921369, 