{"initial_reset_timestamp": 1660819303.1072598, "timestamps": [1660819308.9681678, 1660819309.174218, 1660819309.3802297, 1660819309.6018984, 1660819309.854695, 1660819310.060797, 1660819310.266729, 1660819313.655127, 1660819313.861175, 1660819314.067155, 1660819314.2730572, 1660819314.4946804, 1660819314.7005968, 1660819314.9212089, 1660819318.5027323, 1660819318.7087643, 1660819318.9147384, 1660819319.1361978, 1660819319.34224, 1660819319.5637643, 1660819319.7696931, 1660819333.1180122, 1660819333.3241088, 1660819333.5145216, 1660819333.717649, 1660819333.9079914, 1660819334.1139095, 1660819334.3043072, 1660819347.3892186, 1660819347.5952473, 1660819347.8481634, 1660819348.0540795, 1660819348.2600539, 1660819348.4506164, 1660819348.6565847, 1660819361.8529472, 1660819362.043464, 1660819362.2497175, 1660819362.4401407, 1660819362.6461463, 1660819362.8365288, 1660819363.0424747, 1660819376.2837148, 1660819376.4740548, 1660819376.6644173, 1660819376.870302, 1660819377.0762088, 1660819377.2677994, 1660819377.4737582, 1660819390.8289056, 1660819391.0348675, 1660819391.25676, 1660819391.4627767, 1660819391.6687913, 1660819391.8903728, 1660819392.096506, 1660819405.8109481, 1660819406.0794423, 1660819406.2855537, 1660819406.5071492, 1660819406.713158, 1660819406.9190977, 1660819407.1428504, 1660819420.8049753, 1660819421.0109289, 1660819421.2325459, 1660819421.4386315, 1660819421.6446052, 1660819421.850587, 1660819422.071165, 1660819435.8942719, 1660819436.100353, 1660819436.3219965, 1660819436.5279644, 1660819436.734074, 1660819436.9400973, 1660819437.1461153, 1660819450.7138536, 1660819450.918759, 1660819451.1404176, 1660819451.3465407, 1660819451.5524597, 1660819451.774009, 1660819451.9799407, 1660819465.7970173, 1660819466.0185902, 1660819466.2248917, 1660819466.4464934, 1660819466.6515493, 1660819466.8732214, 1660819467.0792606, 1660819481.032544, 1660819481.2356234, 1660819481.4576132, 1660819481.6636379, 1660819481.8697097, 1660819482.0915554, 1660819482.313379, 1660819496.1404254, 1660819496.362098, 1660819496.5682213, 1660819496.7897794, 1660819496.9960804, 1660819497.2021275, 1660819497.4237845, 1660819511.4772635, 1660819511.6988666, 1660819511.9049115, 1660819512.1109827, 1660819512.3325717, 1660819512.5541754, 1660819512.7601705, 1660819526.76581, 1660819526.987496, 1660819527.1935663, 1660819527.4070275, 1660819527.6288488, 1660819527.8350992, 1660819528.0568619, 1660819542.254437, 1660819542.460511, 1660819542.6681163, 1660819542.8887148, 1660819543.0947716, 1660819543.3010333, 1660819543.5226038, 1660819557.1265175, 1660819557.341791, 1660819557.5479908, 1660819557.7540185, 1660819557.9757469, 1660819558.1816692, 1660819558.3877335, 1660819571.9379957, 1660819572.143967, 1660819572.3592622, 1660819572.565296, 1660819572.7869692, 1660819572.9929876, 1660819573.1990674, 1660819586.9618165, 1660819587.183445, 1660819587.4050956, 1660819587.611022, 1660819587.8327334, 1660819588.038817, 1660819588.244895, 1660819601.9414322, 1660819602.1473417, 1660819602.3532734, 1660819602.5748124, 1660819602.7807565, 1660819603.0024004, 1660819603.2865012, 1660819616.996473, 1660819617.2180183, 1660819617.4267592, 1660819617.6328464, 1660819617.8544645, 1660819618.060701, 1660819618.282297, 1660819631.9301946, 1660819632.1517735, 1660819632.3577087, 1660819632.5636344, 1660819632.7696223, 1660819632.991289, 1660819633.1972766, 1660819647.0437045, 1660819647.265284, 1660819647.475549, 1660819647.6814804, 1660819647.9031348, 1660819648.1090834, 1660819648.3309145, 1660819662.0717814, 1660819662.2924864, 1660819662.4983754, 1660819662.7202823, 1660819662.926474, 1660819663.1325517, 1660819663.3543053, 1660819677.0994396, 1660819677.3053355, 1660819677.5269582, 1660819677.7329662, 1660819677.9390001, 1660819678.1605809, 1660819678.3665762, 1660819692.1256874, 1660819692.3317149, 1660819692.5440238, 1660819692.7499664, 1660819692.9716635, 1660819693.177661, 1660819693.3992512, 1660819707.6421149, 1660819707.8481243, 1660819708.0696743, 1660819708.2762213, 1660819708.4821036, 1660819708.6881487, 1660819708.9101582, 1660819724.7332182, 1660819724.9392328, 1660819725.1450694, 1660819725.3668554, 1660819725.5727541, 1660819725.7788444, 1660819725.9849324, 1660819739.1631353, 1660819739.369126, 1660819739.559399, 1660819739.7653818, 1660819739.971276, 1660819740.1615896, 1660819740.3676865, 1660819753.5771537, 1660819753.7675254, 1660819753.9735117, 1660819754.179552, 1660819754.3699818, 1660819754.5602565, 1660819754.7661645, 1660819768.0527437, 1660819768.2759492, 1660819768.4818463, 1660819768.6878664, 1660819768.8941824, 1660819769.1001525, 1660819769.290524, 1660819782.9408014, 1660819783.2249484, 1660819783.4152672, 1660819783.6228426, 1660819783.8287404, 1660819784.0347254, 1660819784.2251494, 1660819797.8621032, 1660819798.067999, 1660819798.2583556, 1660819798.4799426, 1660819798.685998, 1660819798.8920693, 1660819799.082478, 1660819812.6898093, 1660819812.8958359, 1660819813.1018038, 1660819813.3078575, 1660819813.5138156, 1660819813.704223, 1660819813.9101934, 1660819827.6854873, 1660819827.8914273, 1660819828.0973284, 1660819828.28763, 1660819828.4935644, 1660819828.7151148, 1660819828.9210129, 1660819842.342247, 1660819842.5326433, 1660819842.7334378, 1660819842.939426, 1660819843.1453302, 1660819843.3346405, 1660819843.5406132, 1660819856.616624, 1660819856.8226993, 1660819857.0287633, 1660819857.2191737, 1660819857.4251153, 1660819857.6311083, 1660819857.8204403, 1660819870.9185076, 1660819871.1244483, 1660819871.3148265, 1660819871.5224707, 1660819871.7128687, 1660819871.919057, 1660819872.1093633, 1660819885.3291335, 1660819885.5195212, 1660819885.7254481, 1660819885.9315264, 1660819886.1218822, 1660819886.3278043, 1660819886.518246, 1660819899.5719163, 1660819899.7779264, 1660819899.9682825, 1660819900.1742039, 1660819900.3644874, 1660819900.5703835, 1660819900.7607005, 1660819913.8408062, 1660819914.031193, 1660819914.2372367, 1660819914.4431694, 1660819914.6335173, 1660819914.8395493, 1660819915.0298195, 1660819928.2913592, 1660819928.4973428, 1660819928.6876836, 1660819928.8936944, 1660819929.0996652, 1660819929.2899556, 1660819929.4959235, 1660819942.6073573, 1660819942.8132644, 1660819943.0035927, 1660819943.2096815, 1660819943.400122, 1660819943.6060488, 1660819943.8061552, 1660819957.0027702, 1660819957.1931686, 1660819957.3991826, 1660819957.589572, 1660819957.796868, 1660819957.9871733, 1660819958.1933055, 1660819971.4266214, 1660819971.6170156, 1660819971.8229215, 1660819972.013228, 1660819972.219236, 1660819972.4096146, 1660819972.6156087, 1660819985.6219091, 1660819985.8278582, 1660819986.0339088, 1660819986.2242718, 1660819986.4301984, 1660819986.6362202, 1660819986.826633, 1660820000.41861, 1660820000.6245356, 1660820000.814794, 1660820001.0208888, 1660820001.2102456, 1660820001.4161546, 1660820001.6249127, 1660820014.8730838, 1660820015.0634594, 1660820015.269536, 1660820015.4598243, 1660820015.6657355, 1660820015.871868, 1660820016.0621588],