{"initial_reset_timestamp": 1660548972.331548, "timestamps": [1660548974.120185, 1660548974.4218411, 1660548974.9016595, 1660548975.337283, 1660548975.7716541, 1660548976.1835089, 1660548978.7425082, 1660548979.15433, 1660548979.5591025, 1660548979.974907, 1660548980.372912, 1660548980.7872362, 1660548981.1845357, 1660548984.5213664, 1660548986.0622127, 1660548987.6065605, 1660548989.1273012, 1660548990.6661239, 1660548992.2122324, 1660548993.7418823, 1660548997.5309632, 1660548999.1019857, 1660549000.659265, 1660549002.2347646, 1660549003.8189054, 1660549005.3973494, 1660549009.3374553, 1660549010.9015057, 1660549012.5078623, 1660549014.0755165, 1660549015.1966848, 1660549016.770006, 1660549018.3563375, 1660549022.5940459, 1660549024.2004843, 1660549025.7765443, 1660549027.334568, 1660549028.899551, 1660549030.4589977, 1660549032.0421367, 1660549035.9707127, 1660549037.5296361, 1660549039.1197937, 1660549040.6724548, 1660549042.2579486, 1660549043.8659952, 1660549045.4508197, 1660549049.344143, 1660549050.9196918, 1660549052.4712732, 1660549054.023942, 1660549055.5715225, 1660549057.1324527, 1660549061.243198, 1660549062.789493, 1660549064.3872404, 1660549065.9461496, 1660549067.6819417, 1660549069.801193, 1660549071.3674598, 1660549075.192506, 1660549076.7717073, 1660549078.3207352, 1660549079.8952901, 1660549081.44223, 1660549083.0409467, 1660549084.6091962, 1660549088.4690928, 1660549090.0293634, 1660549091.5630658, 1660549093.3510745, 1660549094.900677, 1660549096.4434896, 1660549100.255354, 1660549101.7903352, 1660549103.341543, 1660549104.8979585, 1660549105.7129006, 1660549107.256704, 1660549108.801078, 1660549110.3490229, 1660549114.231407, 1660549115.7840097, 1660549117.3651855, 1660549118.9099267, 1660549120.4910088, 1660549122.0448527, 1660549126.30111, 1660549127.9233077, 1660549129.5108557, 1660549131.0780106, 1660549132.659128, 1660549134.2197967, 1660549135.7696896, 1660549139.6147642, 1660549141.159191, 1660549142.7329872, 1660549144.2882905, 1660549145.874971, 1660549147.4264505, 1660549148.9969263, 1660549152.8589444, 1660549154.4454856, 1660549155.9990082, 1660549157.541725, 1660549159.1243038, 1660549160.6997101, 1660549165.26927, 1660549166.8084457, 1660549168.3605082, 1660549169.9066389, 1660549171.4723864, 1660549173.038965, 1660549174.6020296, 1660549178.5751288, 1660549180.1372938, 1660549181.7389302, 1660549183.3003943, 1660549184.881509, 1660549186.426495, 1660549187.9872036, 1660549192.8054907, 1660549194.3615813, 1660549195.9290793, 1660549197.477257, 1660549199.039423, 1660549200.59213, 1660549204.878517, 1660549206.4521317, 1660549208.0182784, 1660549209.5734718, 1660549211.1613023, 1660549212.7199094, 1660549214.2978477, 1660549218.2871325, 1660549219.8541462, 1660549221.4141908, 1660549222.984544, 1660549224.563309, 1660549226.1005976, 1660549227.653611, 1660549231.591861, 1660549233.132344, 1660549234.6908255, 1660549236.2363367, 1660549237.7998445, 1660549239.3599994, 1660549243.511986, 1660549245.0838454, 1660549246.6488209, 1660549248.2188206, 1660549249.7627318, 1660549251.302955, 1660549252.8665924, 1660549256.8062007, 1660549258.366465, 1660549259.9195933, 1660549261.4728374, 1660549263.0575135, 1660549264.6051936, 1660549266.134048, 1660549270.0758796, 1660549271.634209, 1660549273.2078316, 1660549274.745644, 1660549276.2957323, 1660549277.8204067, 1660549281.8463016, 1660549283.4382591, 1660549285.0113196, 1660549286.5761595, 1660549288.1285868, 1660549289.6798892, 1660549291.2476356, 1660549295.1129205, 1660549296.652352, 1660549298.2023237, 1660549299.7541895, 1660549301.2788959, 1660549302.8770168, 1660549304.4212046, 1660549308.2488723, 1660549310.0603535, 1660549312.30128, 1660549313.8731027, 1660549315.424281, 1660549316.9118896, 1660549320.8161478, 1660549322.4009228, 1660549324.007243, 1660549325.6214557, 1660549327.1995857, 1660549328.7664723, 1660549330.363332, 1660549334.2788215, 1660549335.8585093, 1660549337.4268544, 1660549339.001441, 1660549340.5838082, 1660549342.1578984, 1660549343.7278442, 1660549347.890033, 1660549349.45418, 1660549351.0017917, 1660549352.5471854, 1660549354.1222365, 1660549355.692032, 1660549359.6210058, 1660549361.1750772, 1660549362.7469475, 1660549364.3494003, 1660549365.9179437, 1660549367.4948227, 1660549369.086344, 1660549373.0066016, 1660549374.5574815, 1660549376.118373, 1660549377.657294, 1660549379.2198443, 1660549380.8116355, 1660549382.345736, 1660549386.458932, 1660549388.0085394, 1660549389.5707774, 1660549391.1269298, 1660549392.6859896, 1660549394.239651, 1660549398.2037086, 1660549399.776226, 1660549401.3567102, 1660549402.9553347, 1660549404.5163438, 1660549406.0795069, 1660549407.6387103, 1660549411.556649, 1660549413.1444786, 1660549414.7011995, 1660549416.2548552, 1660549417.813742, 1660549419.3763509, 1660549420.9282742, 1660549425.0644183, 1660549426.6445224, 1660549428.1901774, 1660549429.7421002, 1660549431.318173, 1660549433.5760236, 1660549437.5001674, 1660549439.0526052, 1660549440.613563, 1660549442.1666772, 1660549443.7724688, 1660549445.3607945, 1660549446.9248488, 1660549450.8140607, 1660549452.4013147, 1660549453.9714053, 1660549455.5407853, 1660549457.1002047, 1660549458.6716032, 1660549460.2112496, 1660549464.2575967, 1660549465.8060105, 1660549467.3668702, 1660549468.9393172, 1660549470.4769373, 1660549472.0290248, 1660549475.8508563, 1660549477.4126995, 1660549478.9915166, 1660549480.560295, 1660549482.1043622, 1660549483.6699963, 1660549485.2534485, 1660549489.068459, 1660549490.6112638, 1660549492.1654277, 1660549493.7516916, 1660549495.314131, 1660549496.8657072, 1660549498.404061, 1660549502.85373, 1660549504.4092293, 1660549505.9532468, 1660549507.5067835, 1660549509.0618272, 1660549510.6243074, 1660549515.027807, 1660549516.578776, 1660549518.1263456, 1660549519.696255, 1660549521.2670553, 1660549522.8529198, 1660549524.4405468, 1660549528.3236482, 1660549529.8940308, 1660549531.4513428, 1660549533.0244195, 1660549534.565905, 1660549536.127098, 1660549537.682959, 1660549541.775301, 1660549543.3255236, 1660549544.883206, 1660549546.4439127, 1660549547.9939814, 1660549549.574881, 1660549553.4366732, 1660549554.9970572, 1660549556.68505, 1660549558.8233378, 1660549560.3783963, 1660549561.9640088, 1660549563.5332112, 1660549567.3996987, 1660549568.9714873, 1660549570.5271127, 1660549572.105676, 1660549573.6861873, 1660549575.4803257, 1660549577.0412629, 1660549580.8746114, 1660549582.4529338, 1660549584.0251412, 1660549585.5738447, 1660549587.1354275, 1660549588.675427, 1660549592.7048962, 1660549594.2953718, 1660549595.8271983, 1660549597.3713448, 1660549598.9268572, 1660549600.5092528, 1660549602.0726569],