{"initial_reset_timestamp": 1660814480.2242382, "timestamps": [1660814488.9552894, 1660814489.161758, 1660814489.510037, 1660814489.9816804, 1660814490.4063303, 1660814490.7998397, 1660814491.2245417, 1660814491.6335485, 1660814492.042772, 1660814492.4519074, 1660814496.1819336, 1660814496.606546, 1660814497.0156436, 1660814497.4403222, 1660814497.8651307, 1660814498.305379, 1660814498.6988664, 1660814499.0922546, 1660814499.4699996, 1660814499.8635669, 1660814504.6269238, 1660814505.9733663, 1660814507.3233593, 1660814508.6696267, 1660814510.0317614, 1660814511.3781116, 1660814512.7401218, 1660814514.086635, 1660814515.4798453, 1660814516.8314333, 1660814521.4567652, 1660814522.8188038, 1660814524.1654575, 1660814525.5117524, 1660814526.8634164, 1660814528.2097614, 1660814529.5561817, 1660814530.9337418, 1660814532.2801738, 1660814533.6420906, 1660814538.2409031, 1660814539.6029024, 1660814540.956494, 1660814542.3516905, 1660814543.7108457, 1660814545.0759983, 1660814546.4332004, 1660814547.8108854, 1660814549.2354016, 1660814550.5818567, 1660814555.1083295, 1660814556.4703827, 1660814557.8948598, 1660814559.256755, 1660814560.6031797, 1660814561.9557593, 1660814563.3335063, 1660814564.695745, 1660814566.0421324, 1660814567.3936687, 1660814572.0662227, 1660814573.4282138, 1660814574.7746058, 1660814576.1210697, 1660814577.475803, 1660814578.8689644, 1660814580.2152503, 1660814581.5668163, 1660814582.913145, 1660814584.2751884, 1660814588.9738054, 1660814590.3202693, 1660814591.6768348, 1660814593.0232623, 1660814594.3853605, 1660814595.7473238, 1660814597.1033397, 1660814598.3403118, 1660814599.6783912, 1660814601.0404031, 1660814605.7609217, 1660814607.0917537, 1660814608.4538112, 1660814609.8001792, 1660814611.1622407, 1660814612.5197794, 1660814613.8662066, 1660814615.2125921, 1660814616.554087, 1660814617.9630508, 1660814622.5514853, 1660814623.91346, 1660814625.2442515, 1660814626.5998695, 1660814627.961947, 1660814629.3082907, 1660814630.655531, 1660814632.0643666, 1660814633.4108746, 1660814634.7572756, 1660814649.2743092, 1660814650.6363752, 1660814651.9827948, 1660814653.3916397, 1660814654.7379575, 1660814656.0686579, 1660814657.4283748, 1660814658.7903957, 1660814660.6523197, 1660814665.9977796, 1660814670.6817133, 1660814672.0636537, 1660814673.5351517, 1660814674.9782283, 1660814682.6846426, 1660814684.0800183, 1660814685.0984693, 1660814686.4954863, 1660814687.888796, 1660814689.2977645, 1660814701.3301194, 1660814710.0059986, 1660814711.4149847, 1660814713.6951413, 1660814719.1617994, 1660814720.5717838, 1660814727.224634, 1660814728.6305566, 1660814732.5842805, 1660814739.2559395, 1660814749.6313143, 1660814755.4344764, 1660814756.8247788, 1660814758.1838372, 1660814759.5272732, 1660814760.9019535, 1660814763.854391, 1660814767.3585594, 1660814768.7019966, 1660814770.0610552, 1660814784.8830001, 1660814786.2443962, 1660814788.34063, 1660814789.686999, 1660814796.2510736, 1660814802.6902966, 1660814804.114786, 1660814810.0853152, 1660814811.4316297, 1660814812.8679135, 1660814818.0307307, 1660814819.4083703, 1660814823.3844802, 1660814824.7308366, 1660814830.3381603, 1660814834.8245177, 1660814836.1552002, 1660814842.3446388, 1660814848.1468616, 1660814849.6218624, 1660814863.6654103, 1660814865.0275283, 1660814866.3739595, 1660814867.7382734, 1660814871.5996695, 1660814872.9615915, 1660814874.3733487, 1660814875.91078, 1660814877.3037095, 1660814878.839484, 1660814886.4332871, 1660814887.779789, 1660814889.1262515, 1660814890.4882472, 1660814891.8473003, 1660814893.209258, 1660814894.5555632, 1660814895.9174757, 1660814897.285177, 1660814898.6356716, 1660814916.3125796, 1660814917.6589136, 1660814919.0209854, 1660814925.725568, 1660814927.0832427, 1660814933.0402024, 1660814934.4178824, 1660814941.6655273, 1660814943.0573132, 1660814944.4194124, 1660814961.5954857, 1660814965.1742265, 1660814966.567908, 1660814967.9738288, 1660814972.115668, 1660814973.5059679, 1660814979.5069091, 1660814980.9128358, 1660814988.098653, 1660814989.504575, 1660815000.2855167, 1660815001.6914387, 1660815003.0995877, 1660815004.521132, 1660815005.911431, 1660815009.6293137, 1660815011.3164194, 1660815012.7245295, 1660815018.774878, 1660815020.2462084, 1660815026.637821, 1660815028.0569227, 1660815032.1175258, 1660815033.5108948, 1660815034.9041493, 1660815036.3131154, 1660815037.705402, 1660815039.1142597, 1660815040.4920418, 1660815041.8419707, 1660815047.7992759, 1660815049.1603522, 1660815050.5849493, 1660815051.9312787, 1660815053.3871179, 1660815054.7491539, 1660815058.5324492, 1660815059.9101462, 1660815061.2565773, 1660815062.6188755, 1660815068.222904, 1660815069.569472, 1660815070.9313955, 1660815072.2778332, 1660815073.6400628, 1660815075.0332272, 1660815076.3795123, 1660815077.7397387, 1660815079.1017547, 1660815080.470193, 1660815085.5719137, 1660815086.9294696, 1660815088.1820974, 1660815089.5597286, 1660815090.953017, 1660815092.3150387, 1660815093.6926603, 1660815095.0702877, 1660815096.448016, 1660815097.815195, 1660815103.8299406, 1660815105.192014, 1660815106.5851824, 1660815107.9723787, 1660815109.3500383, 1660815110.8370686, 1660815112.20716, 1660815113.589911, 1660815114.96756, 1660815116.3452091, 1660815123.419347, 1660815124.7970772, 1660815126.15902, 1660815127.5523686, 1660815128.9299421, 1660815130.2921088, 1660815131.6703382, 1660815133.037541, 1660815134.4152083, 1660815135.792775, 1660815141.7130446, 1660815143.1167908, 1660815144.4795077, 1660815145.8844705, 1660815147.2619858, 1660815148.6396718, 1660815150.0172596, 1660815151.3793342, 1660815152.7568917, 1660815154.1346035, 1660815160.4173427, 1660815161.7949462, 1660815163.1725106, 1660815164.5345623, 1660815165.9120872, 1660815167.295925, 1660815168.673683, 1660815170.0356092, 1660815171.4444711, 1660815172.8221183, 1660815179.8405118, 1660815181.217239, 1660815182.5949485, 1660815183.9726477, 1660815185.3222442, 1660815186.7155252, 1660815188.0959198, 1660815189.4736292, 1660815190.835558, 1660815192.2913153, 1660815198.0773585, 1660815199.4550204, 1660815200.8326395, 1660815202.3196619, 1660815203.728182, 1660815205.0901961, 1660815206.4678633, 1660815207.8300192, 1660815209.2075748, 1660815210.5694838, 1660815217.6628244, 1660815219.0554724, 1660815220.4174485, 1660815221.79497, 1660815223.163283, 1660815224.5408926, 1660815225.902958, 1660815227.2805166, 1660815228.6426303, 1660815230.0202193, 1660815237.3128157, 1660815238.6903927, 1660815240.0681028, 1660815241.4459352, 1660815242.807846, 1660815244.1698492, 1660815245.5632064, 1660815246.9252822, 1660815248.2873032, 1660815249.665012, 1660815256.2339723, 1660815257.61705, 1660815258.994624, 1660815260.3669596, 1660815261.7536654, 1660815263.1782224, 1660815264.6055195, 1660815266.0035954, 1660815267.4605324, 1660815268.885329, 1660815275.4750164, 1660815276.9150422, 1660815278.3318117, 1660815279.755418, 1660815281.2579718, 1660815282.6826258, 1660815284.1070127, 1660815285.5160303, 1660815286.9406323, 1660815288.3495927, 1660815295.9035625, 1660815297.3186529, 1660815298.7434194, 1660815300.1524339, 1660815301.5942326, 1660815303.021888, 1660815304.4465857, 1660815305.8554118, 1660815307.272905, 1660815308.6819177, 1660815316.5263388, 1660815317.9478784, 1660815319.3568356, 1660815320.7616782, 1660815322.2039738, 1660815323.6274388, 1660815329.898666, 1660815331.338771, 1660815335.392096, 1660815337.6161056, 1660815372.4586747, 1660815377.8342779, 1660815383.490557, 1660815385.162047, 1660815391.3192596, 1660815395.6954226, 1660815398.6166244, 1660815399.9153597, 1660815402.901021, 1660815404.2132182, 1660815435.629747, 1660815436.947747, 1660815438.271454, 1660815439.6958156, 1660815441.089018, 1660815442.428608, 1660815443.7681367, 1660815445.0822916, 1660815446.3858733, 1660815447.6944425, 1660815454.5405731, 1660815455.8556292, 1660815457.1706848, 1660815458.48932, 1660815459.8983247, 1660815461.1978805, 1660815462.5133746, 1660815463.8440244, 1660815465.1435285, 1660815466.4587634, 1660815483.9399824, 