{"initial_reset_timestamp": 27208.842321207, "timestamps": [27209.833710216, 27210.062478745, 27210.429894982, 27210.76070422, 27211.078600313, 27211.487621996, 27213.418745564, 27213.731555617, 27214.120270561, 27214.421251636, 27214.704318535, 27215.00144542, 27215.276487752, 27218.525585607, 27221.148787057, 27223.838479996, 27226.52840631, 27229.163742547, 27231.801356986, 27234.431821818, 27238.52787357, 27241.154147508, 27243.768207057, 27246.415998504, 27249.089265328, 27251.783217833, 27255.855258985, 27258.565482086], "episode_lengths": [150, 150, 150, 150, 150, 150, 150, 150, 150, 150, 150, 150, 150, 150, 150, 150, 150, 150, 150, 150, 150, 150, 150, 150, 150, 150, 150, 150], "episode_rewards": [-150.0, -150.0, -150.0, -150.0, -150.0, -150.0, -150.0, -150.0, -150.0, -150.0, -150.0, -150.0, -150.0, -150.0, -150.0, -150.0, -150.0, -150.0, -150.0, -150.0, -150.0, -150.0, -150.0, -150.0, -150.0, -150.0, -150.0, -150.0], "episode_types": ["t", "t", "t", "t", "t", "t", "t", "t", "t", "t", "t", "t", "t", "t", "t", "t", "t", "t", "t", "t", "t", "t", "t", "t", "t", "t", "t", "t", "t"]}