{"initial_reset_timestamp": 27208.939862752, "timestamps": [27209.051121557, 27209.16157324, 27209.2839968, 27209.407733749, 27209.534731575, 27209.643732217, 27209.746844001, 27212.617174408, 27212.726639036, 27212.829076553, 27212.950775689, 27213.075538787, 27213.20330461, 27213.331320171, 27216.148009373, 27216.250618778, 27216.352927418, 27216.453668153, 27216.622107203, 27216.723723661, 27216.825127893, 27235.347056151, 27235.449738876, 27235.55706543, 27235.662737113, 27235.767627134, 27235.870374191, 27235.975779997, 27254.429817183, 27254.535199924, 27254.635268987, 27254.737598126, 27254.841559182, 27254.942488738, 27255.044480453], "episode_lengths": [150, 150, 150, 150, 150, 150, 150, 150, 150, 150, 150, 150, 150, 150, 150, 150, 150, 150, 150, 150, 150, 150, 150, 150, 150, 150, 150, 150, 150, 150, 150, 150, 150, 150, 150], "episode_rewards": [-150.0, -150.0, -150.0, -150.0, -150.0, -150.0, -150.0, -150.0, -150.0, -150.0, -150.0, -150.0, -150.0, -150.0, -150.0, -150.0, -150.0, -150.0, -150.0, -150.0, -150.0, -150.0, -150.0, -150.0, -150.0, -150.0, -150.0, -150.0, -150.0, -150.0, -150.0, -150.0, -150.0, -150.0, -150.0], "episode_types": ["t", "t", "t", "t", "t", "t", "t", "t", "t", "t", "t", "t", "t", "t", "t", "t", "t", "t", "t", "t", "t", "t", "t", "t", "t", "t", "t", "t", "t", "t", "t", "t", "t", "t", "t"]}