{"initial_reset_timestamp": 27886.151479314, "timestamps": [27886.363350088, 27886.581047391, 27886.837672166, 27887.07230187, 27887.308932957, 27887.534570085, 27887.781905137, 27890.192600048, 27890.38966362, 27890.590890715, 27890.788992541, 27890.986529978, 27891.186973406, 27891.386321302, 27893.97352233, 27894.195547509, 27894.394074287, 27894.594165643, 27894.859644679, 27895.060776091, 27895.260098709, 27955.006692471, 27955.207679167, 27955.405389134, 27955.606578567, 27955.80666887, 27956.004843936, 27956.206263639, 28017.77100854, 28017.968559934, 28018.165234233, 28018.365028611, 28018.562731405, 28018.762771443, 28018.959509073, 28098.429085514, 28098.647283232, 28098.866173394, 28099.086243219, 28099.304940031, 28099.517746543, 28099.731996431, 28171.920951954, 28172.12123199, 28172.316840173, 28172.512687923, 28172.707988589, 28172.974026002, 28173.171515127], "episode_lengths": [150, 150, 150, 150, 150, 150, 150, 150, 150, 150, 150, 150, 150, 150, 150, 150, 150, 150, 150, 150, 150, 150, 150, 150, 150, 150, 150, 150, 150, 150, 150, 150, 150, 150, 150, 150, 150, 150, 150, 150, 150, 150, 150, 150, 150, 150, 150, 150, 150], "episode_rewards": [-150.0, -150.0, -150.0, -150.0, -150.0, -150.0, -150.0, -150.0, -150.0, -150.0, -150.0, -150.0, -150.0, -150.0, -150.0, -150.0, -150.0, -150.0, -150.0, -150.0, -150.0, -150.0, -150.0, -150.0, -150.0, -150.0, -150.0, -150.0, -150.0, -150.0, -150.0, -150.0, -150.0, -150.0, -150.0, -150.0, -150.0, -150.0, -150.0, -150.0, -150.0, -150.0, -150.0, -150.0, -150.0, -150.0, -150.0, -150.0, -150.0], "episode_types": ["t", "t", "t", "t", "t", "t", "t", "t", "t", "t", "t", "t", "t", "t", "t", "t", "t", "t", "t", "t", "t", "t", "t", "t", "t", "t", "t", "t", "t", "t", "t", "t", "t", "t", "t", "t", "t", "t", "t", "t", "t", "t", "t", "t", "t", "t", "t", "t", "t"]}