{"initial_reset_timestamp": 27886.049894095, "timestamps": [27887.805808893, 27887.972333205, 27888.259800229, 27888.523986897, 27888.794009913, 27889.15216476, 27891.44970754, 27891.709114198, 27892.049810189, 27892.290130122, 27892.526665175, 27892.763557491, 27893.011598921, 27900.737872458, 27909.377737553, 27918.288261039, 27927.131897695, 27936.135835037, 27945.075565943, 27953.932414584, 27964.774194876, 27973.469078082, 27982.187293523, 27991.22855285, 28001.538552988, 28010.71116599, 28021.813752835, 28032.546928852, 28043.963446434, 28055.418118383, 28066.432807501, 28081.600885006, 28093.250641426, 28107.07719899, 28118.55290884, 28129.653459545, 28140.897378885, 28151.49639229, 28161.997562615, 28170.907318008], "episode_lengths": [150, 150, 150, 150, 150, 150, 150, 150, 150, 150, 150, 150, 150, 150, 150, 150, 150, 150, 150, 150, 150, 150, 150, 150, 150, 150, 150, 150, 150, 150, 150, 150, 150, 150, 150, 150, 150, 150, 150, 150], "episode_rewards": [-150.0, -150.0, -150.0, -150.0, -150.0, -150.0, -150.0, -150.0, -150.0, -150.0, -150.0, -150.0, -150.0, -150.0, -150.0, -150.0, -150.0, -150.0, -150.0, -150.0, -150.0, -150.0, -150.0, -150.0, -150.0, -150.0, -150.0, -150.0, -150.0, -150.0, -150.0, -150.0, -150.0, -150.0, -150.0, -150.0, -150.0, -150.0, -150.0, -150.0], "episode_types": ["t", "t", "t", "t", "t", "t", "t", "t", "t", "t", "t", "t", "t", "t", "t", "t", "t", "t", "t", "t", "t", "t", "t", "t", "t", "t", "t", "t", "t", "t", "t", "t", "t", "t", "t", "t", "t", "t", "t", "t", "t"]}