{"initial_reset_timestamp": 1660551169.2580683, "timestamps": [1660551170.9084363, 1660551171.23516, 1660551171.7256362, 1660551172.1817672, 1660551172.6427946, 1660551173.05451, 1660551176.0252907, 1660551176.4443476, 1660551176.8683052, 1660551177.286657, 1660551177.6848905, 1660551178.091013, 1660551178.500143, 1660551181.8827915, 1660551183.5069053, 1660551185.1297984, 1660551186.7673519, 1660551188.386747, 1660551190.0275288, 1660551191.6684535, 1660551195.6519392, 1660551197.2725377, 1660551198.201741, 1660551199.7940788, 1660551201.4231389, 1660551203.048217, 1660551204.661038, 1660551208.7207205, 1660551210.3141382, 1660551211.9008698, 1660551213.5175564, 1660551215.1050982, 1660551216.7547245, 1660551220.66388, 1660551222.2716253, 1660551223.8828855, 1660551225.4836578, 1660551226.8800216, 1660551227.9796953, 1660551229.5984204, 1660551231.1961863, 1660551235.0986857, 1660551236.7013512, 1660551238.287903, 1660551239.8991022, 1660551241.4912305, 1660551243.0855405, 1660551249.1852639, 1660551250.790086, 1660551252.3864174, 1660551253.9799137, 1660551255.5702162, 1660551257.170739, 1660551258.7597017, 1660551264.5475178, 1660551266.1512744, 1660551267.7582836, 1660551269.3878155, 1660551270.9752264, 1660551272.8123202, 1660551274.4115787, 1660551280.1485403, 1660551281.758864, 1660551283.3412545, 1660551284.9714804, 1660551286.5978012, 1660551288.1998084, 1660551294.9804857, 1660551296.5745616, 1660551298.1603487, 1660551299.7753723, 1660551301.3790128, 1660551302.9481888, 1660551304.5316157, 1660551309.160262, 1660551310.7691267, 1660551312.34834, 1660551313.920847, 1660551315.5224574, 1660551317.1201293, 1660551318.697287, 1660551324.041924, 1660551325.6614735, 1660551327.2278302, 1660551328.8559933, 1660551330.4306195, 1660551332.0044973, 1660551337.8908615, 1660551339.4874475, 1660551341.0985615, 1660551342.7068627, 1660551344.31205, 1660551345.9116385, 1660551347.4954357, 1660551353.962478, 1660551355.5890975, 1660551357.196866, 1660551358.7629478, 1660551360.3395083, 1660551361.9086044, 1660551363.4672942, 1660551369.7667089, 1660551371.3682683, 1660551372.9713187, 1660551374.5503092, 1660551376.0946515, 1660551377.6649668, 1660551383.7835028, 1660551385.3849661, 1660551386.988097, 1660551388.5801105, 1660551390.1313725, 1660551391.684082, 1660551393.2653425, 1660551399.7789543, 1660551401.360969, 1660551402.9498441, 1660551404.572239, 1660551406.1580622, 1660551407.7143545, 1660551409.2726462, 1660551415.7878907, 1660551417.945713, 1660551419.9131637, 1660551421.4819489, 1660551423.086723, 1660551424.6983037, 1660551431.2722116, 1660551432.8503494, 1660551434.4042506, 1660551435.9656029, 1660551437.536298, 1660551439.1036701, 1660551440.6534793, 1660551447.5184872, 1660551449.0980015, 1660551450.658896, 1660551452.2559555, 1660551453.8239813, 1660551455.4364498, 1660551456.983445, 1660551463.6246562, 1660551465.2565386, 1660551466.855047, 1660551468.466021, 1660551470.0272799, 1660551471.576501, 1660551477.6069765, 1660551479.169143, 1660551480.722002, 1660551482.286842, 1660551483.8362956, 1660551485.424311, 1660551487.028631, 1660551493.8126726, 1660551495.4076202, 1660551497.0136566, 1660551498.5923374, 1660551500.196243, 1660551501.8148515, 1660551503.425046, 1660551510.1456058, 1660551511.7430887, 1660551513.3149602, 1660551514.8742125, 1660551516.4467013, 1660551518.019494, 1660551524.7551062, 1660551526.3483226, 1660551528.1874294, 1660551529.7719839, 1660551531.340518, 1660551532.920285, 1660551534.4934618, 1660551541.2482862, 1660551543.1575038, 1660551545.38432, 1660551547.0158782, 1660551548.6032245, 1660551550.1873584, 1660551551.760619, 1660551558.7507885, 1660551560.3399818, 1660551561.9236078, 1660551563.5326798, 1660551565.097501, 1660551566.6737378, 1660551573.7426753, 1660551575.341213, 1660551576.9344506, 1660551578.5074446, 1660551580.073162, 1660551581.6543386, 1660551583.2291903, 1660551590.286739, 1660551591.8844244, 1660551593.4664056, 1660551595.038093, 1660551596.6429396, 1660551598.2237625, 1660551599.804467, 1660551606.2509363, 1660551607.8566973, 1660551609.4439936, 1660551611.0072298, 1660551612.6004739, 1660551614.212818, 1660551621.1620533, 1660551622.7747793, 1660551624.378721, 1660551625.9766667, 1660551627.5560424, 1660551629.1435344, 1660551630.7187755, 1660551637.4655774, 1660551639.044823, 1660551640.6697736, 1660551642.2470503, 1660551643.845887, 1660551645.4526443, 1660551647.0251505, 1660551654.2950354, 1660551655.8656948, 1660551657.4512584, 1660551659.0092382, 1660551660.5737917, 1660551662.1720715, 1660551668.6554618, 1660551670.9085476, 1660551672.588543, 1660551674.1731553, 1660551675.7539568, 1660551677.3276489, 1660551678.881461, 1660551685.282368, 1660551686.90586, 1660551688.4690638, 1660551690.0869875, 1660551691.6470046, 1660551693.2262733, 1660551694.7806814, 1660551701.5790088, 1660551703.1461918, 1660551704.7105937, 1660551706.2886992, 1660551707.9072576, 1660551709.5273526, 1660551715.9608612, 1660551717.5475717, 1660551719.1195226, 1660551720.682671, 1660551722.2667613, 1660551723.810915, 1660551725.3946505, 1660551731.7859976, 1660551733.3350122, 1660551734.9038796, 1660551736.4622128, 1660551738.003923, 1660551739.5608158, 1660551741.1476724, 1660551747.879258, 1660551749.4216995, 1660551750.9848807, 1660551752.574579, 1660551754.120259, 1660551755.6665673, 1660551762.1022313, 1660551763.658969, 1660551765.2252102, 1660551766.783994, 1660551768.612582, 1660551770.1857784, 1660551771.757803, 1660551778.2393558, 1660551779.8105154, 1660551781.3965218, 1660551783.0065799, 1660551784.589393, 1660551786.1613984, 1660551787.7578506, 1660551794.7677996, 1660551796.61821, 1660551798.8680701, 1660551800.4422317, 1660551802.0345194, 1660551803.6510417, 1660551810.3334165, 1660551811.9250066, 1660551813.5430071, 1660551815.1493216, 1660551816.7289073, 1660551818.3139489, 1660551819.8782244, 1660551826.5763257, 1660551828.1467283, 1660551829.7063746, 1660551831.2820446, 1660551832.8697562, 1660551834.4839113, 1660551836.051072, 1660551842.928, 1660551844.5143273, 1660551846.0855598, 1660551847.7155223, 1660551849.2907999, 1660551850.8815322, 1660551857.5679314, 1660551859.129365, 1660551860.7289968, 1660551862.337615, 1660551863.90654, 1660551865.508541, 1660551867.0679374, 1660551873.7787933, 1660551875.3793259, 1660551876.933488, 1660551878.5320437, 1660551880.1127882, 1660551881.6738772, 1660551883.2474942, 1660551889.7916412, 1660551891.3716035, 1660551893.0203385, 1660551894.5941978, 1660551896.1745703, 1660551897.7424307, 1660551904.0548708, 1660551905.6655405, 1660551907.2832227, 1660551908.8614798, 1660551910.4563544, 1660551912.0502405, 1660551913.5952399],