{"initial_reset_timestamp": 1660813628.5454857, "timestamps": [1660813637.4797578, 1660813637.7014985, 1660813638.0637472, 1660813638.5197086, 1660813638.9444315, 1660813639.4004154, 1660813639.8053758, 1660813640.2144866, 1660813640.6391144, 1660813641.0325322, 1660813644.8554323, 1660813645.264817, 1660813645.6545393, 1660813646.0636735, 1660813646.4727228, 1660813646.86624, 1660813647.2753854, 1660813647.731285, 1660813648.1248088, 1660813648.533999, 1660813653.2542355, 1660813654.6161594, 1660813656.0406942, 1660813657.4339647, 1660813658.7959597, 1660813660.157999, 1660813661.5201533, 1660813662.8821023, 1660813664.2441497, 1660813665.6380074, 1660813670.3264225, 1660813671.704261, 1660813673.081845, 1660813674.459408, 1660813675.8422096, 1660813677.204299, 1660813678.5819616, 1660813679.9595785, 1660813681.342668, 1660813682.735884, 1660813687.4209704, 1660813688.7986379, 1660813690.1763375, 1660813691.5540004, 1660813692.9315891, 1660813694.3091855, 1660813695.6920574, 1660813697.073812, 1660813698.4515467, 1660813699.8373146, 1660813704.5167177, 1660813705.8988428, 1660813707.2765794, 1660813708.6387203, 1660813710.0163274, 1660813711.382465, 1660813712.8068655, 1660813714.169225, 1660813715.546936, 1660813716.8934047, 1660813721.5460231, 1660813722.9236894, 1660813724.2856762, 1660813725.6532032, 1660813727.0151582, 1660813728.3772414, 1660813729.7398582, 1660813731.133159, 1660813732.4952812, 1660813733.8572128, 1660813738.5410707, 1660813739.9031644, 1660813741.2651358, 1660813742.6272566, 1660813744.0049226, 1660813745.3669167, 1660813746.7446496, 1660813748.1068134, 1660813749.468823, 1660813750.8307688, 1660813755.5545146, 1660813756.9257042, 1660813758.3032324, 1660813759.665339, 1660813761.0273714, 1660813762.4060662, 1660813763.8305392, 1660813765.239484, 1660813766.6327157, 1660813768.0415742, 1660813772.8180861, 1660813774.22684, 1660813775.6348004, 1660813777.0123963, 1660813778.421198, 1660813779.8457727, 1660813781.3170564, 1660813782.7102983, 1660813784.1190844, 1660813785.5209048, 1660813790.3307745, 1660813791.7272177, 1660813793.1360743, 1660813794.5605233, 1660813795.9695513, 1660813797.3785048, 1660813798.7874284, 1660813800.1806347, 1660813801.595237, 1660813803.004256, 1660813807.7510388, 1660813809.0506938, 1660813810.409228, 1660813811.771591, 1660813813.1336975, 1660813814.511358, 1660813815.8629432, 1660813817.2408166, 1660813818.602883, 1660813819.958487, 1660813824.550363, 1660813825.8969524, 1660813827.2902749, 1660813828.652203, 1660813830.01438, 1660813831.3764737, 1660813832.7384264, 1660813834.100432, 1660813835.4481199, 1660813836.810098, 1660813841.3439574, 1660813842.6904223, 1660813844.0213802, 1660813845.3364623, 1660813846.6755037, 1660813847.9751651, 1660813849.2746217, 1660813850.6112182, 1660813851.9107873, 1660813853.2406063, 1660813857.6889315, 1660813859.0352316, 1660813860.3346899, 1660813861.646346, 1660813863.0396075, 1660813864.3390796, 1660813865.6378062, 1660813866.9372647, 1660813868.236709, 1660813869.5674467, 1660813874.0640407, 1660813875.4104924, 1660813876.734043, 1660813878.049333, 1660813879.3488743, 1660813880.6772842, 1660813882.0125835, 1660813883.3745902, 1660813884.7014105, 1660813886.0061162, 1660813890.4556215, 1660813891.7863374, 1660813893.085792, 1660813894.401038, 1660813895.7057877, 1660813897.0053105, 1660813898.2984197, 1660813899.6136417, 1660813900.9090943, 1660813902.1929567, 1660813906.6781564, 1660813908.0088847, 1660813909.3083785, 1660813910.6298218, 1660813911.929293, 1660813913.244355, 1660813914.5437655, 1660813915.8494983, 1660813917.1647403, 1660813918.461313, 1660813922.9404824, 1660813924.2557123, 1660813925.5708783, 1660813926.8859072, 1660813928.1855323, 1660813929.4849474, 1660813930.7845006, 1660813932.0997477, 1660813933.4763699, 1660813934.79153, 1660813939.1850417, 1660813940.5000842, 1660813941.9088893, 1660813943.2396073, 1660813944.5391924, 1660813945.844903, 1660813947.1444728, 1660813948.3969846, 1660813949.7277691, 1660813951.07423, 1660813955.6172047, 1660813957.0259836, 1660813958.3723516, 1660813959.718721, 1660813961.0651462, 1660813962.3958743, 1660813963.757846, 1660813965.104147, 1660813966.4410462, 1660813967.7874835, 1660813972.4039223, 1660813973.7503142, 1660813975.1124046, 1660813976.4589796, 1660813977.8053296, 1660813979.1516914, 1660813980.4981225, 1660813981.84443, 1660813983.1897888, 1660813984.5205595, 1660813989.157155, 1660813990.503495, 1660813991.8498368, 1660813993.1806505, 1660813994.5269442, 1660813995.879554, 1660813997.2329516, 1660813998.5794566, 1660813999.9317002, 1660814001.2863448, 1660814005.9589381, 1660814007.3208473, 1660814008.6662798, 1660814010.012718, 1660814011.3434422, 1660814012.7055473, 1660814014.0519855, 1660814015.3828053, 1660814016.734351, 1660814018.0813398, 1660814022.6704402, 1660814024.001156, 1660814025.347426, 1660814026.6937525, 1660814028.0713153, 1660814029.4333, 1660814030.8110385, 1660814032.157328, 1660814033.4943607, 1660814034.9500737, 1660814039.4711993, 1660814040.8184276, 1660814042.1803844, 1660814043.5767357, 1660814044.9386854, 1660814046.378725, 1660814047.758539, 1660814049.1362028, 1660814050.4826643, 1660814051.8398027, 1660814056.3905616, 1660814057.8173406, 1660814059.1626573, 1660814060.52021, 1660814061.9041927, 1660814063.2974157, 1660814064.6873293, 1660814066.098608, 1660814067.5033092, 1660814068.916546, 1660814073.6037993, 1660814074.9813626, 1660814076.3808012, 1660814077.774057, 1660814079.1517713, 1660814080.5605586, 1660814081.9508772, 1660814083.3709717, 1660814084.7485783, 1660814086.1418092, 1660814090.736483, 1660814092.1071668, 1660814093.4535081, 1660814094.868538, 1660814096.2529714, 1660814097.6618762, 1660814099.0863562, 1660814100.492277, 1660814101.9097695, 1660814103.318635, 1660814108.049227, 1660814109.4425163, 1660814110.8326435, 1660814112.2381592, 1660814113.6469736, 1660814115.0715158, 1660814116.4895775, 1660814117.902372, 1660814119.2956507, 1660814120.724406, 1660814125.4539068, 1660814126.849382, 1660814128.2583292, 1660814129.6642509, 1660814131.0886784, 1660814132.4975798, 1660814133.90654, 1660814135.31534, 1660814136.708502, 1660814138.117498, 1660814142.8326387, 1660814144.2283387, 1660814145.6371405, 1660814147.0616913, 1660814148.4237213, 1660814149.801338, 1660814151.185194, 1660814152.5783215, 1660814153.9403088, 1660814155.3180988, 1660814160.1126204, 1660814161.490253, 1660814162.8835485, 1660814164.2611017, 1660814165.6388965, 1660814167.0165272, 1660814168.4098458, 1660814169.7874467, 1660814171.1547427, 1660814172.5314343, 1660814177.2202797, 1660814178.613533, 1660814179.9977775, 1660814181.3753471, 1660814182.7863996, 1660814184.1687417, 1660814185.546419, 1660814186.9074519, 1660814188.3163974, 1660814189.6940925, 1660814194.4863136, 1660814195.8796387, 1660814197.2415564, 1660814198.6193442, 1660814199.997079, 1660814201.3801572, 1660814202.7582443, 1660814204.1358383, 1660814205.5135484, 1660814206.8811507, 1660814211.6106515, 1660814212.988887, 1660814214.3976912, 1660814215.7587504, 1660814217.1298962, 1660814218.522186, 1660814219.88425, 1660814221.2620027, 1660814222.6395607, 1660814224.0171404, 1660814228.7670126, 1660814230.1601844, 1660814231.5439649, 1660814232.921495, 1660814234.2990668, 1660814235.6766276, 1660814237.050852, 1660814238.4285164, 1660814239.7969482, 1660814241.1744993, 1660814245.9589431, 1660814247.3521304, 1660814248.7455027, 1660814250.1075208, 1660814251.3809433, 1660814252.74306, 1660814254.1049724, 1660814255.4594536, 1660814256.8214962, 1660814258.183538, 1660814262.8790843, 1660814264.2412496, 1660814265.6033423, 1660814266.9497986, 1660814268.311861, 1660814269.6739564, 1660814271.0359492, 1660814272.3979177, 1660814273.7599401, 1660814275.1220074, 1660814279.788739, 1660814281.1509202, 1660814282.51287, 1660814283.8747892, 1660814285.236853, 1660814286.5831442, 1660814287.945292, 1660814289.307229, 1660814290.6837976, 1660814292.0524206, 1660814296.7237065, 1660814298.085744, 