{"initial_reset_timestamp": 1660818551.762196, "timestamps": [1660818559.7459214, 1660818560.0583515, 1660818560.5582337, 1660818560.9956343, 1660818561.4330332, 1660818561.8674166, 1660818564.7448323, 1660818565.1666114, 1660818565.588386, 1660818566.021309, 1660818566.4649034, 1660818566.886682, 1660818567.3084638, 1660818571.19975, 1660818573.168044, 1660818575.1207156, 1660818577.0599844, 1660818578.9970298, 1660818580.9653244, 1660818582.9023757, 1660818587.0732858, 1660818589.025958, 1660818590.9473872, 1660818592.9022837, 1660818594.8393328, 1660818596.7920108, 1660818600.947294, 1660818602.9178114, 1660818604.8861063, 1660818606.8387778, 1660818608.869557, 1660818610.8534722, 1660818612.8239655, 1660818616.967804, 1660818618.9391441, 1660818620.8946977, 1660818622.90334, 1660818624.8746533, 1660818626.8570888, 1660818628.8440976, 1660818632.998415, 1660818634.9697042, 1660818636.9276247, 1660818638.96134, 1660818640.9170647, 1660818642.9038992, 1660818646.9825025, 1660818648.8912563, 1660818650.8000128, 1660818652.699266, 1660818654.592358, 1660818656.4965963, 1660818658.4053476, 1660818662.496599, 1660818664.3898363, 1660818666.3098524, 1660818668.234267, 1660818670.1272955, 1660818672.0449698, 1660818673.938331, 1660818678.1028342, 1660818680.0191658, 1660818681.941916, 1660818683.8766332, 1660818685.7996333, 1660818687.7084854, 1660818692.027833, 1660818693.936772, 1660818695.8454413, 1660818697.744713, 1660818699.669162, 1660818701.573572, 1660818703.467995, 1660818707.6883094, 1660818709.5906613, 1660818711.514075, 1660818713.4073343, 1660818715.300433, 1660818717.2100792, 1660818719.1188204, 1660818723.2156, 1660818725.124285, 1660818727.0291955, 1660818728.9379451, 1660818730.8468077, 1660818732.748205, 1660818736.8989348, 1660818738.8296556, 1660818740.7243357, 1660818742.6925106, 1660818744.60368, 1660818746.5274215, 1660818748.443517, 1660818752.5250223, 1660818754.433681, 1660818756.3581176, 1660818758.1532407, 1660818760.0152812, 1660818761.8614933, 1660818763.7233906, 1660818767.7536361, 1660818769.5999215, 1660818771.493182, 1660818773.3552244, 1660818775.217022, 1660818777.063647, 1660818780.9863234, 1660818782.8484092, 1660818784.694632, 1660818786.5555022, 1660818788.43296, 1660818790.2791884, 1660818792.1493816, 1660818796.1810274, 1660818798.0405061, 1660818799.9023697, 1660818801.7629037, 1660818803.6715798, 1660818805.5334332, 1660818807.3882341, 1660818811.2975774, 1660818813.1547115, 1660818815.0166705, 1660818816.8785138, 1660818818.7246826, 1660818820.617724, 1660818824.6186466, 1660818826.574364, 1660818828.4205432, 1660818830.298028, 1660818832.1535013, 1660818834.0310223, 1660818835.9085793, 1660818839.8421128, 1660818841.7015445, 1660818843.5634906, 1660818845.4254713, 1660818847.2955034, 1660818849.1574147, 1660818851.0349057, 1660818855.0038242, 1660818856.8722203, 1660818858.730927, 1660818860.5921764, 1660818862.49943, 1660818864.4258287, 1660818868.4791882, 1660818870.4346962, 1660818872.3656836, 1660818874.290029, 1660818876.2300124, 1660818878.1846335, 1660818880.109077, 1660818884.1750715, 1660818886.2087703, 1660818888.136825, 1660818890.0769184, 1660818891.996789, 1660818893.9212708, 1660818895.887718, 1660818899.9528337, 1660818901.8819528, 1660818903.837599, 1660818905.7776384, 1660818907.725985, 1660818909.5879974, 1660818913.700395, 1660818915.671568, 1660818917.6307013, 1660818919.5707262, 1660818921.5033443, 1660818923.494337, 1660818925.4350674, 1660818929.611271, 1660818931.5825183, 1660818933.5225468, 1660818935.4627538, 1660818937.418277, 1660818939.3584695, 1660818941.298563, 1660818945.3091557, 1660818947.216493, 1660818949.0945246, 1660818950.9720912, 1660818952.8577175, 1660818954.7195854, 1660818958.790721, 1660818960.6684058, 1660818962.545829, 1660818964.4388685, 1660818966.3163702, 1660818968.193877, 1660818970.0713556, 1660818974.071513, 1660818975.9489832, 1660818977.8283532, 1660818979.7214277, 1660818981.6246612, 1660818983.5335124, 1660818985.4117606, 1660818989.3990407, 1660818991.2920778, 1660818993.1696422, 1660818995.0783384, 1660818996.9670608, 1660818998.844503, 1660819002.9424436, 1660819004.8043497, 1660819006.6945245, 1660819008.5720184, 1660819010.449446, 1660819012.3584793, 1660819014.2359116, 1660819018.2690682, 1660819020.1621194, 1660819022.0551891, 1660819023.932683, 1660819025.8102188, 1660819027.703372, 1660819029.5807846, 1660819033.6602397, 1660819035.5376663, 1660819037.410208, 1660819039.2880723, 1660819041.156738, 1660819043.0913532, 1660819047.1076975, 1660819048.985149, 1660819050.8626776, 1660819052.7639794, 1660819054.6258686, 1660819056.5032659, 1660819058.3736439, 1660819062.39111, 1660819064.267318, 1660819066.1447866, 1660819067.944334, 1660819069.8688169, 1660819071.793107, 1660819073.7173886, 1660819077.9653604, 1660819079.889865, 1660819081.8298223, 1660819083.7545903, 1660819085.6633372, 1660819087.6034539, 1660819091.7294605, 1660819093.6539743, 1660819095.5939066, 1660819097.527158, 1660819099.4359813, 1660819101.388637, 1660819103.3405561, 1660819107.4816632, 1660819109.40607, 1660819111.4084756, 1660819113.3254426, 1660819115.2498884, 1660819117.1853971, 1660819119.1098447, 1660819123.2325823, 1660819125.1569078, 1660819127.0924487, 1660819129.032366, 1660819130.9572127, 1660819132.9055982, 1660819137.0030785, 1660819138.9275672, 1660819140.851972, 1660819142.7845812, 1660819144.7095575, 1660819146.6495, 1660819148.5737822, 1660819152.795614, 1660819154.7370694, 1660819156.6927369, 1660819158.6170855, 1660819160.5414398, 1660819162.4972758, 1660819164.4842143, 1660819168.701212, 1660819170.687101, 1660819172.6863296, 1660819174.673223, 1660819176.6445756, 1660819178.6313977, 1660819182.8410652, 1660819184.828028, 1660819186.908611, 1660819188.895441, 1660819190.8667579, 1660819192.8537426, 1660819194.8250952, 1660819199.0378919, 1660819201.0097938, 1660819203.027989, 1660819204.9994564, 1660819206.9869053, 1660819208.9583573, 1660819210.9452102, 1660819215.1324348, 1660819217.111346, 1660819219.1138086, 1660819221.0991495, 1660819223.1073408, 1660819225.0803835, 1660819229.3336573, 1660819231.3049507, 1660819233.2917778, 1660819235.2788327, 1660819237.261069, 1660819239.232875, 1660819241.2041955, 1660819245.3716226, 1660819247.3092587, 1660819249.1094122, 1660819250.986946, 1660819252.8563871, 1660819254.718402, 1660819256.5647628, 1660819260.508875, 1660819262.3577044, 1660819264.1883926, 1660819266.0502157, 1660819267.9360077, 1660819269.782196, 1660819273.8472233, 1660819275.6934545, 1660819277.5491931, 1660819279.395458, 1660819281.2656074, 1660819283.1719933, 1660819285.0273964],