{"initial_reset_timestamp": 1660818552.112015, "timestamps": [1660818558.2811022, 1660818558.5019429, 1660818558.7206414, 1660818558.939341, 1660818559.2205255, 1660818559.4392247, 1660818559.6678147, 1660818563.2420986, 1660818563.4764183, 1660818563.694041, 1660818563.928362, 1660818564.1626825, 1660818564.3855393, 1660818564.6198602, 1660818568.4488184, 1660818568.667517, 1660818568.9487028, 1660818569.1830227, 1660818569.4017222, 1660818569.6360435, 1660818569.8547423, 1660818583.9490087, 1660818584.1677067, 1660818584.386406, 1660818584.5894837, 1660818584.8081841, 1660818585.0112612, 1660818585.2299612, 1660818599.0571115, 1660818599.2601843, 1660818599.4788835, 1660818599.6819618, 1660818599.9006603, 1660818600.1193607, 1660818600.3380592, 1660818614.4329684, 1660818614.651667, 1660818614.8703668, 1660818615.073445, 1660818615.2921433, 1660818615.5108426, 1660818615.7139215, 1660818629.8618343, 1660818630.0834002, 1660818630.2893515, 1660818630.4954295, 1660818630.7170365, 1660818630.923069, 1660818631.1446903, 1660818645.1370716, 1660818645.3432195, 1660818645.549249, 1660818645.771024, 1660818645.9770386, 1660818646.182986, 1660818646.388889, 1660818660.0316591, 1660818660.2375846, 1660818660.4592953, 1660818660.6654108, 1660818660.871431, 1660818661.0931468, 1660818661.3093748, 1660818675.034892, 1660818675.256507, 1660818675.4624639, 1660818675.6683753, 1660818675.8899739, 1660818676.080303, 1660818676.301882, 1660818690.166311, 1660818690.3725114, 1660818690.5942485, 1660818690.8002896, 1660818691.0063155, 1660818691.2282565, 1660818691.449842, 1660818705.2167797, 1660818705.4227548, 1660818705.628761, 1660818705.836359, 1660818706.0423365, 1660818706.263892, 1660818706.4698434, 1660818720.1363335, 1660818720.3580332, 1660818720.5640101, 1660818720.7699804, 1660818720.9759336, 1660818721.1975465, 1660818721.4035223, 1660818735.0467694, 1660818735.2530007, 1660818735.460574, 1660818735.666591, 1660818735.888125, 1660818736.094055, 1660818736.3000033, 1660818750.0702853, 1660818750.2764957, 1660818750.482422, 1660818750.7039897, 1660818750.9100506, 1660818751.1161096, 1660818751.322176, 1660818764.7993476, 1660818765.0054455, 1660818765.1958604, 1660818765.4018352, 1660818765.592152, 1660818765.7980828, 1660818765.9884222, 1660818779.205875, 1660818779.4119165, 1660818779.6179626, 1660818779.8083022, 1660818780.014295, 1660818780.204778, 1660818780.410785, 1660818793.8204005, 1660818794.0107565, 1660818794.2167132, 1660818794.4227228, 1660818794.6130364, 1660818794.819146, 1660818795.025047, 1660818808.3588586, 1660818808.564828, 1660818808.7551613, 1660818808.961206, 1660818809.1515968, 1660818809.3575733, 1660818809.5479834, 1660818822.8526337, 1660818823.0429387, 1660818823.248939, 1660818823.439355, 1660818823.6453302, 1660818823.8347397, 1660818824.0562785, 1660818837.4501226, 1660818837.6561308, 1660818837.8465292, 1660818838.0524635, 1660818838.2585557, 1660818838.4645677, 1660818838.6549082, 1660818851.9741051, 1660818852.1771822, 1660818852.383334, 1660818852.6362526, 1660818852.8421211, 1660818853.0324888, 1660818853.238611, 1660818866.6339276, 1660818866.8555372, 1660818867.0615158, 1660818867.2674744, 1660818867.4734924, 1660818867.6795244, 1660818867.8855777, 1660818881.7357316, 1660818881.941668, 1660818882.1477952, 1660818882.3537922, 1660818882.5441277, 1660818882.7506251, 1660818882.9566064, 1660818896.8575144, 1660818897.0634682, 1660818897.2538905, 1660818897.4598935, 1660818897.665846, 1660818897.8878322, 1660818898.0938926, 1660818911.8390713, 1660818912.0607443, 1660818912.2669609, 1660818912.4729004, 1660818912.6791415, 1660818912.8851423, 1660818913.0911598, 1660818927.1412601, 1660818927.3472955, 1660818927.5533292, 1660818927.7593179, 1660818927.9652042, 1660818928.1867585, 1660818928.392804, 1660818942.2923481, 1660818942.4984248, 1660818942.7200572, 1660818942.9259846, 1660818943.1319003, 1660818943.3378913, 1660818943.543942, 1660818956.913918, 1660818957.1198778, 1660818957.3884218, 1660818957.5944333, 1660818957.8007102, 1660818958.0067616, 1660818958.2127316, 1660818971.6484494, 1660818971.854486, 1660818972.0604932, 1660818972.2664986, 1660818972.4724126, 1660818972.6783152, 1660818972.8842895, 1660818986.3977346, 1660818986.588227, 1660818986.7941365, 1660818987.0000358, 1660818987.206093, 1660818987.4276574, 1660818987.6338286, 1660819001.1427498, 1660819001.3486435, 1660819001.5545568, 1660819001.7605903, 1660819001.9681418, 1660819002.1584492, 1660819002.3644538, 1660819015.8611588, 1660819016.0671346, 1660819016.2731943, 1660819016.4792027, 1660819016.7010972, 1660819016.8914342, 1660819017.0974674, 1660819030.5794904, 1660819030.8636024, 1660819031.069524, 1660819031.2589128, 1660819031.4648705, 1660819031.6709087, 1660819031.8794065, 1660819045.2990592, 1660819045.5050356, 1660819045.7217107, 1660819045.912063, 1660819046.1180549, 1660819046.3240476, 1660819046.530092, 1660819060.0000467, 1660819060.2060642, 1660819060.3953922, 1660819060.6014438, 1660819060.8075056, 1660819061.013496, 1660819061.2195094, 1660819074.8755884, 1660819075.0816457, 1660819075.2876785, 1660819075.5092695, 1660819075.7152996, 1660819075.9369822, 1660819076.143081, 1660819089.8372138, 1660819090.043335, 1660819090.2493374, 1660819090.4710193, 1660819090.6769133, 1660819090.898496, 1660819091.1202285, 1660819104.9773598, 1660819105.1833518, 1660819105.404997, 1660819105.612583, 1660819105.83327, 1660819106.0391839, 1660819106.2453725, 1660819120.127518, 1660819120.3334396, 1660819120.5394475, 1660819120.7610705, 1660819120.9670985, 1660819121.1730833, 1660819121.3946724, 1660819135.12629, 1660819135.3480935, 1660819135.5542157, 1660819135.775803, 1660819135.9817574, 1660819136.2033787, 1660819136.4094672, 1660819150.309848, 1660819150.5157564, 1660819150.7373486, 1660819150.9432695, 1660819151.1650012, 1660819151.3709996, 1660819151.577148, 1660819165.5329547, 1660819165.7547157, 1660819165.960784, 1660819166.1824608, 1660819166.3885932, 1660819166.6104891, 1660819166.8411696, 1660819180.9455607, 1660819181.1516273, 1660819181.3575833, 1660819181.5791981, 1660819181.7852557, 1660819182.010172, 1660819182.2162037, 1660819196.5270019, 1660819196.7332816, 1660819196.9479651, 1660819197.1697378, 1660819197.3914528, 1660819197.5976915, 1660819197.819425, 1660819211.9785638, 1660819212.1847515, 1660819212.406497, 1660819212.6126597, 1660819212.834265, 1660819213.0406013, 1660819213.2623549, 1660819227.347422, 1660819227.6627817, 1660819227.8845074, 1660819228.0905776, 1660819228.312166, 1660819228.5183342, 1660819228.7244246, 1660819242.8698683, 1660819243.0914369, 1660819243.2974718, 1660819243.5191743, 1660819243.7252712, 1660819243.9471204, 1660819244.1687777, 1660819257.570812, 1660819257.7768292, 1660819257.9677567, 1660819258.1726732, 1660819258.3630514, 1660819258.5689676, 1660819258.759279, 1660819272.0799758, 1660819272.2859597, 1660819272.4766324, 1660819272.6826441, 1660819272.8729868, 1660819273.0788825, 1660819273.2692332],