{"initial_reset_timestamp": 1660819302.820266, "timestamps": [1660819310.3761377, 1660819310.5666225, 1660819311.1162903, 1660819311.5096924, 1660819311.9190297, 1660819312.3124266, 1660819314.9524512, 1660819315.3458588, 1660819315.739406, 1660819316.1171346, 1660819316.494898, 1660819316.8883972, 1660819317.2818894, 1660819320.638011, 1660819322.4841883, 1660819324.332554, 1660819326.1632123, 1660819328.0094976, 1660819329.840078, 1660819331.7019908, 1660819335.632063, 1660819337.4611676, 1660819339.2918234, 1660819341.1381142, 1660819343.008259, 1660819344.8389864, 1660819348.8127978, 1660819350.6903858, 1660819352.540798, 1660819354.3870676, 1660819356.2322643, 1660819358.072124, 1660819359.9139447, 1660819363.8079188, 1660819365.6385705, 1660819367.4823837, 1660819369.3129385, 1660819371.1435137, 1660819372.9982722, 1660819374.8289618, 1660819378.8015797, 1660819380.569902, 1660819382.4787297, 1660819384.387519, 1660819386.2806532, 1660819388.173731, 1660819392.2527206, 1660819394.1616125, 1660819396.0860171, 1660819398.004276, 1660819399.8939672, 1660819401.8143857, 1660819403.7435262, 1660819407.912366, 1660819409.8056414, 1660819411.7456477, 1660819413.654354, 1660819415.563168, 1660819417.4718184, 1660819419.3805559, 1660819423.4458494, 1660819425.3545072, 1660819427.2945821, 1660819429.2189379, 1660819430.4090388, 1660819432.3271368, 1660819434.2202926, 1660819438.3903997, 1660819440.283647, 1660819442.1768646, 1660819444.1013088, 1660819446.041563, 1660819447.950574, 1660819452.0268052, 1660819453.9199274, 1660819455.8287647, 1660819457.7347536, 1660819459.6435173, 1660819461.5691688, 1660819463.5029988, 1660819467.7541895, 1660819469.7098427, 1660819471.6498094, 1660819473.5897748, 1660819475.56113, 1660819477.4967341, 1660819479.4524052, 1660819483.609955, 1660819485.5502098, 1660819487.4988115, 1660819489.4545572, 1660819491.41157, 1660819493.3430476, 1660819497.4550285, 1660819499.4107108, 1660819501.366304, 1660819503.3278866, 1660819505.3592393, 1660819507.3148031, 1660819509.2861462, 1660819513.4318907, 1660819515.371842, 1660819517.317855, 1660819519.2724378, 1660819521.228062, 1660819523.2307408, 1660819525.186395, 1660819529.3378165, 1660819531.2934415, 1660819533.2334726, 1660819535.1734946, 1660819537.1291213, 1660819539.0931396, 1660819543.5538483, 1660819545.4626777, 1660819547.3557284, 1660819549.2644892, 1660819551.1575663, 1660819553.0594435, 1660819554.9528935, 1660819559.043831, 1660819560.9370487, 1660819562.8422737, 1660819564.7353404, 1660819566.5181475, 1660819568.4362578, 1660819570.3605962, 1660819574.4800208, 1660819576.3886826, 1660819578.2992675, 1660819580.200941, 1660819582.2359605, 1660819584.1469376, 1660819588.2917593, 1660819590.216141, 1660819592.1248214, 1660819594.0458133, 1660819595.9545722, 1660819597.858997, 1660819599.7676675, 1660819603.9425995, 1660819605.8672292, 1660819607.791531, 1660819609.7158506, 1660819611.6246629, 1660819613.5259411, 1660819615.434792, 1660819619.5632508, 1660819621.4720786, 1660819623.3900912, 1660819625.3145223, 1660819627.238831, 1660819629.147572, 1660819633.244141, 1660819635.1531422, 1660819637.080152, 1660819638.988893, 1660819640.9049227, 1660819642.8493533, 1660819644.7736511, 1660819648.9921186, 1660819650.9050944, 1660819652.8356628, 1660819654.7449222, 1660819656.653698, 1660819658.5705595, 1660819660.4949086, 1660819664.6196368, 1660819666.5440927, 1660819668.4684362, 1660819670.3772032, 1660819672.2859786, 1660819674.2102878, 1660819678.41344, 1660819680.3383985, 1660819682.2628748, 1660819684.199364, 1660819686.123753, 1660819688.028097, 1660819689.9524531, 1660819694.0553489, 1660819695.964173, 1660819697.8728175, 1660819699.8128035, 1660819701.737302, 1660819703.685551, 1660819705.625659, 1660819710.1754892, 1660819712.0841718, 1660819714.0303168, 1660819715.9703178, 1660819720.0022843, 1660819721.9193072, 1660819726.0317965, 1660819727.9405735, 1660819729.864946, 1660819731.617439, 1660819733.432523, 1660819735.2631145, 1660819737.0936549, 1660819740.9925416, 1660819742.8231783, 1660819744.6539538, 1660819746.4689422, 1660819748.3244543, 1660819750.1393666, 1660819751.969903, 1660819755.9846303, 1660819757.8012426, 1660819759.6317728, 1660819761.4630215, 1660819763.3872578, 1660819765.2947206, 1660819769.337388, 1660819771.2463207, 1660819773.155125, 1660819775.0639057, 1660819776.957078, 1660819778.8741062, 1660819780.7984393, 1660819784.8812475, 1660819786.7743263, 1660819788.6829872, 1660819790.5762382, 1660819792.4850242, 1660819794.386922, 1660819796.3112736, 1660819800.3478098, 1660819802.272097, 1660819804.1850224, 1660819806.0781584, 1660819807.9824293, 1660819809.8755333, 1660819813.957057, 1660819815.9438765, 1660819817.8587904, 1660819819.7748172, 1660819821.6826205, 1660819823.6350782, 1660819825.543823, 1660819829.5614905, 1660819831.4701903, 1660819833.4017074, 1660819835.295032, 1660819837.188069, 1660819839.0112987, 1660819840.841853, 1660819844.743458, 1660819846.5585356, 1660819848.3892186, 1660819850.2197993, 1660819852.0504534, 1660819853.8653538, 1660819857.8673036, 1660819859.713514, 1660819861.5412133, 1660819863.3564355, 1660819865.1870036, 1660819867.0239005, 1660819868.8545356, 1660819872.7342176, 1660819874.5794687, 1660819876.441298, 1660819878.2799895, 1660819880.1106215, 1660819881.9568706, 1660819883.8147185, 1660819887.7367122, 1660819889.5673397, 1660819891.4136193, 1660819893.3225353, 1660819895.1376064, 1660819896.9526744, 1660819900.807565, 1660819902.6381187, 1660819904.46867, 1660819906.1899185, 1660819908.0762076, 1660819909.9225268, 1660819911.753194, 1660819915.6546736, 1660819917.5008543, 1660819919.3277717, 1660819921.1739767, 1660819923.0204535, 1660819924.8658154, 1660819926.7120247, 1660819930.698773, 1660819932.5294118, 1660819934.375653, 1660819936.2061882, 1660819938.0488718, 1660819939.9136803, 1660819943.85302, 1660819945.6992307, 1660819947.5269165, 1660819949.3731945, 1660819951.203855, 1660819953.0458603, 1660819954.8921103, 1660819958.8181596, 1660819960.7270176, 1660819962.557558, 1660819964.40609, 1660819966.2368023, 1660819968.0632923, 1660819969.8938296, 1660819973.8184526, 1660819975.6490355, 1660819977.4797342, 1660819979.310385, 1660819981.1566684, 1660819982.982945, 1660819986.8734982, 1660819988.735275, 1660819990.5659692, 1660819992.3967485, 1660819994.2273915, 1660819996.0579658, 1660819997.8976574, 1660820002.2810102, 1660820004.172139, 1660820006.0040977, 1660820007.8351688, 1660820009.6658309, 1660820011.4949632, 1660820013.3256967, 1660820017.2806249, 1660820019.111339, 1660820020.9575543, 1660820022.8038597, 1660820024.6315584, 1660820026.4624004],